evidence_id,claim_id,claim_text,source_title,source_type,journal_or_authority,year,doi_or_url,locator,evidence_tier,verification_status,applicability_boundary,notes
E001,PFAS_OCCURRENCE,"In nine surveyed municipal WWTP final effluents PFOA PFOS PFBS and PFHxS had 100% detection frequency and HFPO-DA had 67%; activated-sludge treatment was associated with increases of short-chain PFCAs consistent with precursor transformation","Occurrence Fate and Removal of PFAS in Small- and Large-Scale Municipal Wastewater Treatment Facilities in the United States",primary study,ACS ES&T Water,2024,https://doi.org/10.1021/acsestwater.4c00541,full text and supporting-information description,Tier 1,verified,US municipal WWTP final effluents,"Do not generalize detection frequencies to all plants"
E002,PFOA_BIORECOGNITION,"Molecular simulation indicates that Arg122 substitution enlarges the hL-FABP outer pocket and disrupts PFOA hydrophobic packing and hydrogen bonding","Interaction of perfluoroalkyl acids with human liver fatty acid-binding protein",primary study,Archives of Toxicology,2015,https://doi.org/10.1007/s00204-014-1391-7,abstract,Tier 1,verified_with_boundary,modeled protein-binding mechanism,"Not a mutational binding experiment and does not prove a transferable dynamic material mechanism"
E003,PFAS_REAL_WATER,"A cross-linked beta-cyclodextrin adsorbent removed PFAS and pharmaceuticals from municipal wastewater; affinity followed target hydrophobicity","Removal of PFAS and pharmaceuticals from municipal wastewater using a novel beta-cyclodextrin adsorbent over distinct contact times",primary study,Water Research,2025,https://doi.org/10.1016/j.watres.2025.123631,abstract,Tier 1,screened_abstract,municipal wastewater,"Shows a crowded high-performance host-guest baseline"
E004,PFOS_MIP,"Chitosan-based molecularly imprinted polymers selectively adsorbed PFOS over structurally different anions","Selective removal of perfluorooctane sulfonate from aqueous solution using chitosan-based molecularly imprinted polymer adsorbents",primary study,Water Research,2008,https://doi.org/10.1016/j.watres.2008.02.024,abstract,Tier 1,screened_abstract,mostly synthetic water,"Demonstrates that static PFOS imprinting is not novel"
E005,CLA_EFFLUENT,"A Swiss Glatt Valley study reported 57-330 ng/L clarithromycin in treated WWTP effluent during summer","Occurrence and Fate of Macrolide Antibiotics in Wastewater Treatment Plants and in the Glatt Valley Watershed Switzerland",primary study,Environmental Science & Technology,2003,https://doi.org/10.1021/es034368i,abstract,Tier 1,verified_with_boundary,Swiss treated WWTP effluent,"Do not relabel the reported samples as secondary effluent without checking the process endpoint"
E006,CLA_RIBOSOME,"Macrolide antibiotics occupy defined sites in the bacterial large-ribosomal-subunit exit tunnel","The Structures of Four Macrolide Antibiotics Bound to the Large Ribosomal Subunit",primary structural study,Molecular Cell,2002,https://doi.org/10.1016/S1097-2765(02)00570-1,structural results,Tier 1,screened_abstract,bacterial ribosome,"Supports static geometry; not sufficient for a material closing mechanism"
E007,ODV_WWTP,"O-desmethylvenlafaxine showed low biodegradation and limited removal in a microalgae-based secondary-treatment system","Fate of priority pharmaceuticals and their main metabolites and transformation products in microalgae-based wastewater treatment systems",primary study,Journal of Hazardous Materials,2020,https://doi.org/10.1016/j.jhazmat.2019.121771,abstract,Tier 1,screened_abstract,microalgae-based treatment,"Occurrence in the target local effluent remains to be measured"
E008,SERT_STRUCTURE,"SERT mediates Na+/Cl- dependent serotonin reuptake; the 2016 structures show an outward-open state and a central ligand site between TM1 3 6 8 and 10","X-ray structures and mechanism of the human serotonin transporter",primary structural study,Nature,2016,https://doi.org/10.1038/nature17629,structural results,Tier 1,verified_with_boundary,human SERT,"This paper alone does not resolve the complete alternating-access cycle and does not establish ODV-specific binding"
E009,SMX_WWTP,"SMX SPY and their acetylated metabolites had the highest detection frequencies and concentrations in a 22-WWTP survey; the risk assessment identified SMX as HQ above 10 for algae","Ecotoxicity evaluation and removal of sulfonamides and their acetylated metabolites during conventional wastewater treatment",primary study,Science of the Total Environment,2012,https://doi.org/10.1016/j.scitotenv.2012.08.038,abstract,Tier 1,verified_with_boundary,22 WWTP survey,"Do not transfer the SMX ecological-risk result to AcSMX"
E010,DHPS_STRUCTURE,"DHPS structures explain PABA/sulfonamide recognition and resistance mechanisms","Catalysis and Sulfa Drug Resistance in Dihydropteroate Synthase",primary structural study,Science,2012,https://doi.org/10.1126/science.1214641,structural and catalytic results,Tier 1,screened_abstract,DHPS enzyme,"A reversible loop-closing material remains a design hypothesis"
E011,BPA_RECEPTOR,"ERR-gamma recognizes BPA through defined receptor interactions","Receptor binding characteristics of the endocrine disruptor bisphenol A for the human nuclear estrogen-related receptor gamma",primary study,FEBS Journal,2007,https://doi.org/10.1111/j.1742-4658.2007.06152.x,results,Tier 1,screened_abstract,human receptor,"Does not independently establish a robust dynamic analogue"
E012,CBZ_MIP,"In one study a carbamazepine molecularly imprinted polymer made with 4-vinylbenzoic acid reached 28.40 mg/g capacity and an imprinting factor of 2.72","Removal of the environmental pollutant carbamazepine using molecular imprinted adsorbents",primary study,Water Research,2020,https://doi.org/10.1016/j.watres.2019.115164,abstract,Tier 1,verified,one water-adsorption material,"Evidence that conventional imprinting is crowded; not a class-wide capacity"
E013,SECONDARY_NP,"Nitrogen and phosphorus remain central targets for advanced treatment of wastewater secondary effluent","Simultaneous biological removal of nitrogen and phosphorus from secondary effluent of wastewater treatment plants by advanced treatment",review,Chemosphere,2022,https://doi.org/10.1016/j.chemosphere.2022.134054,review synthesis,Tier 1,screened_review,secondary effluent,"Background source"
E014,SECONDARY_MATRIX,"A measured secondary effluent contained sulfate DOM nitrate and phosphorus at concentrations that create realistic competition","A comprehensive assessment on commercially available standard anion resins for tertiary treatment of municipal wastewater",primary study,Chemical Engineering Journal,2011,https://doi.org/10.1016/j.cej.2011.03.005,water matrix and experiments,Tier 1,screened_abstract,single secondary-effluent study,"Use as a representative matrix not a universal composition"
E015,PSTS_STRUCTURE,"Phosphate-bound C. perfringens PBP-1 is closed and completely buries phosphate between two domains using 14 hydrogen bonds from nine residues","Crystal structure of the phosphate-binding protein PBP-1 of an ABC-type phosphate transporter from Clostridium perfringens",primary structural study,Scientific Reports,2014,https://doi.org/10.1038/srep06636,full-text structure,Tier 1,verified,one bacterial PBP,"Use the exact count only for this protein"
E016,PSTS_SELECTIVITY,"PstS/PBP selectivity depends on protein and species; reports include at least roughly 500-fold discrimination against arsenate and up to about 10^5-scale discrimination against sulfate","Phosphate-binding proteins and peptides from molecular mechanisms to potential applications",review,Current Opinion in Biotechnology,2024,https://doi.org/10.1016/j.copbio.2024.103199,review synthesis,Tier 1,verified_with_boundary,protein-family literature,"Do not present the factors as universal constants; pair quantitative claims with the relevant original study"
E017,NRTA_STRUCTURE,"Nitrate-bound NrtA is a two-domain C-clamp that completely buries nitrate in the interdomain cleft; the authors propose that a C-terminal element may support transport-related conformational change","Atomic structure of a nitrate-binding protein crucial for photosynthetic productivity",primary structural study,PNAS,2006,https://doi.org/10.1073/pnas.0602517103,full-text structure,Tier 1,verified_with_boundary,cyanobacterial nitrate-bound NrtA,"No paired apo/open and bound/closed structures; nitrate versus nitrite selectivity is limited"
E018,ARSR_DYNAMIC,"In a model peptide covering the AfArsR metal-binding region As(III) induces a random-coil to ordered transition and forms a trigonal-pyramidal AsS3 site resembling the native protein","AsIII Selectively Induces a Disorder-to-Order Transition in the Metalloid Binding Region of the AfArsR Protein",primary structural study,JACS,2024,https://doi.org/10.1021/jacs.3c11665,structure and spectroscopy,Tier 1,verified_with_boundary,AfArsR model peptide,"Not a whole-protein conformational experiment; municipal secondary-effluent relevance is conditional"
E019,ARSENIC_PRIOR_ART,"L-cysteine immobilized in electrospun membranes has already been presented as a bio-inspired arsenic adsorbent","Bio-inspired membranes for adsorption of arsenic via immobilized L-Cysteine in highly hydrophilic electrospun nanofibers",primary study,Chemical Engineering Research and Design,2022,https://doi.org/10.1016/j.cherd.2022.06.042,abstract,Tier 1,screened_abstract,arsenic water treatment,"Simple thiol immobilization is not a novel ArsR mimic"
E020,PHARMA_MIP_CROWDING,"Molecularly imprinted polymers are a mature route for pharmaceutical remediation but face real-water matrix challenges","Remediation of pharmaceuticals from contaminated water by molecularly imprinted polymers",review,Environmental Chemistry Letters,2022,https://doi.org/10.1007/s10311-022-01439-4,review synthesis,Tier 1,screened_review,pharmaceutical adsorption,"Used only to map prior-art density"
E021,PBP_APO_CONSTRUCT,"RCSB entry 1OIB is the Escherichia coli phosphate-binding protein T141D mutant and records a 321-aa protein entity","RCSB PDB 1OIB",primary structural database,RCSB PDB,2026,https://www.rcsb.org/structure/1OIB,entity and FASTA record,Tier 1,verified,1OIB deposited construct,"Database access verified 2026-07-16; not evidence that the project A197C construct has been expressed"
E022,PBP_SEQUENCE_PAIR,"RCSB FASTA records for 1OIB and 1IXG are identical 321-aa mature chains","RCSB PDB FASTA 1OIB and 1IXG",primary structural database,RCSB PDB,2026,https://www.rcsb.org/fasta/entry/1OIB/display; https://www.rcsb.org/fasta/entry/1IXG/display,full FASTA records,Tier 1,verified,structure-deposited sequence identity,"Source-chain SHA-256 78558e51049eec070b0f3249ffa8617b37a45b912436af1274ed746b57931a96; project mutations remain design definitions"
E023,BPA_ERRG_STRUCTURE,"The ERRgamma-BPA complex and structure-function experiments support a preorganized two-ended polar and hydrophobic BPA-binding environment","Structural evidence for endocrine disruptor bisphenol A binding to human nuclear receptor ERR gamma",primary structural study,Journal of Biochemistry,2007,https://doi.org/10.1093/jb/mvm158,structure and associated experiments,Tier 1,verified_with_boundary,ERRgamma ligand-binding domain,"Supports static geometry; does not prove BPA-induced material closure"
E024,BPA_CD_MIP,"A beta-cyclodextrin and methacrylic-acid hybrid molecularly imprinted polymer was prepared for selective BPA adsorption from aqueous media","Removal of bisphenol A from aqueous media using a highly selective adsorbent of hybridization cyclodextrin with magnetic molecularly imprinted polymer",primary adsorption study,Royal Society Open Science,2021,https://doi.org/10.1098/rsos.201604,full text,Tier 1,verified_with_boundary,aqueous BPA adsorption,"Magnetic and imprinted composite precedent; not proof of secondary-effluent selectivity or low inactive mass"
E025,PFBS_ALBUMIN,"Serum-albumin experiments show measurable PFBS binding and species- and chain-length-dependent differences between C4 and C8 PFSAs","Quantitative cross-species comparison of serum albumin binding of per- and polyfluoroalkyl substances from five structural classes",primary binding study,Toxicological Sciences,2024,https://doi.org/10.1093/toxsci/kfae028,full text and comparative results,Tier 1,verified_with_boundary,albumin binding across species,"Discovery signal for headgroup and finite low-polar recognition; not a PFBS-specific residue map"
E026,PFAS_CATIONIC_CD,"A tunable cationic porous beta-cyclodextrin polymer removed multiple anionic PFASs at low loading; short-chain capture relied mainly on electrostatics and weakened in a salt matrix","A Tunable Porous beta-Cyclodextrin Polymer Platform to Understand and Improve Anionic PFAS Removal",primary adsorption study,ACS Central Science,2022,https://doi.org/10.1021/acscentsci.2c00478,full text,Tier 1,verified,anionic PFAS water treatment,"Direct platform precedent; salt and wastewater matrix remain critical for PFBS"
E027,PFAS_IONIC_FLUOROGEL,"Ionic fluorogel resins removed a chemically diverse PFAS mixture from water including a real river-water matrix","Ionic Fluorogels for Remediation of Per- and Polyfluorinated Alkyl Substances from Water",primary adsorption study,ACS Central Science,2020,https://doi.org/10.1021/acscentsci.9b01224,full text,Tier 1,verified_with_boundary,mixed-PFAS remediation,"Broad PFAS capture is not PFBS selectivity and fluorinated-monomer lifecycle must be considered"
E028,PFBS_GAC_IX,"GAC and anion-exchange resin remove PFBS and PFOS through differing combinations of hydrophobic adsorption and ion exchange","Removal of Perfluorooctane and Perfluorobutane Sulfonate from Water via Carbon Adsorption and Ion Exchange",primary adsorption study,Separation Science and Technology,2010,https://doi.org/10.1080/01496391003608421,abstract and study description,Tier 1,verified_with_boundary,PFBS and PFOS in water,"Conventional engineering baseline; not a biomimetic or PFBS-selective mechanism"
E029,ROX_SURFACE_MIP,"A ROX-imprinted PMAA layer on silica was manufacturable but reported only a 1.21 ROX-to-erythromycin separation factor","Preparation of roxithromycin molecularly imprinted layer-coated silica and its selective adsorption properties",primary adsorption study,Chemical Industry and Engineering Progress,2016,https://doi.org/10.16085/j.issn.1000-6613.2016.04.031,full abstract and methods summary,Tier 1,verified_with_boundary,ROX versus erythromycin,"Direct precedent also demonstrates limited selectivity and heavy-carrier penalty"
E030,ROX_COF_MIP,"A DES-mediated COF surface-imprinted ROX material reported 64.58 mg/g capacity an imprinting factor of 2.40 and 91.4 percent capacity retention after four cycles","Eco-friendly deep eutectic solvent-mediated COF-based surface molecularly imprinted polymers for specific adsorption and determination of roxithromycin",primary adsorption study,Sustainable Chemistry and Pharmacy,2026,https://doi.org/10.1016/j.scp.2026.102500,article metadata and results summary,Tier 1,screened_abstract,spiked environmental water,"Recent single study; not yet proof of municipal secondary-effluent competitive performance"
E031,ROX_RIBOSOME_KINETICS,"Roxithromycin erythromycin and clarithromycin compete at the bacterial ribosomal complex and show measurable slow-binding behavior","Erythromycin Roxithromycin and Clarithromycin Use of Slow-Binding Kinetics to Compare Their In Vitro Interaction with a Bacterial Ribosomal Complex Active in Peptide Bond Formation",primary binding study,Molecular Pharmacology,2003,https://doi.org/10.1124/mol.63.3.617,abstract and kinetic results,Tier 1,verified_with_boundary,bacterial ribosome complex,"Supports static macrolide-site occupation and kinetics; not a ROX-specific movable gate"
E032,DCP26_SURFACE_MIP,"A polyaniline-silica surface-imprinted composite selectively adsorbed 2,6-DCP over related phenols and identified film diffusion as a major rate limitation","Selective adsorption of 2,6-dichlorophenol by surface imprinted polymers using polyaniline/silica gel composites as functional support",primary adsorption study,Chemical Engineering Journal,2011,https://doi.org/10.1016/j.cej.2011.06.072,abstract and study details,Tier 1,verified_with_boundary,"aquatic 2,6-DCP adsorption","Direct imprinting precedent; heavy silica and secondary-effluent relevance remain unresolved"
E033,BPA_ERRG_COORDINATE_GEOMETRY,"RCSB 2E2R is a 1.60-Angstrom ERRgamma-BPA structure; coordinate analysis gives a 9.274-Angstrom BPA phenolic O-O distance and an approximately 87.4-degree acute inter-ring plane angle","RCSB PDB 2E2R and Structural evidence for endocrine disruptor bisphenol A binding to human nuclear receptor ERR gamma",primary structural database and study,RCSB PDB and Journal of Biochemistry,2007,https://www.rcsb.org/structure/2E2R,official coordinates and primary-citation abstract,Tier 1,verified_with_derived_measurement,ERRgamma-bound BPA,"Distances and angle were recalculated from official coordinates on 2026-07-17; they define a design target and do not prove an artificial receptor"
E034,BPE_RECEPTOR_SCAFFOLD,"1,2-Di(pyridin-4-yl)ethyne is a rigid linear C12H8N2 scaffold with terminal pyridine sites; a primary study reports synthesis in 75 percent isolated yield and single-crystal characterization","Structural diversity in the solid-state architectures of bis(4-pyridyl)acetylene and its derivatives",primary synthesis and crystallographic study,European Journal of Chemistry,2020,https://doi.org/10.5155/eurjchem.11.1.6-14.1946,full text methods and crystal structure,Tier 1,verified_with_boundary,1,2-di(pyridin-4-yl)ethyne,"Supports exact structure and synthetic accessibility only; no BPA binding or aqueous solubility was reported"
E035,BPA_PYRIDINE_INTERACTION,"Spectroscopic work on BPA-imprinted systems supports hydrogen-bond interaction between BPA and 4-vinylpyridine and discusses rebinding in water","Insight into BPA-4-vinylpyridine interactions in molecularly imprinted polymers using complementary spectroscopy techniques",primary spectroscopy and imprinting study,Materials Chemistry and Physics,2013,https://doi.org/10.1016/j.matchemphys.2013.05.045,article abstract and results summary,Tier 1,verified_with_boundary,BPA and 4-vinylpyridine,"Supports pyridine as an interaction lead; imprinting and a polymer microenvironment do not prove soluble BPE bidentate binding"
E036,BISPYRIDYL_SCAFFOLD_SYNTHESIS,"1,3-Bis(4-pyridyl)benzene was prepared by Suzuki coupling as a rigid bis-pyridyl ligand","Coordination-Driven Self-Assembly of Silver(I) and Gold(I) Rings: Synthesis Characterization and Photophysical Studies",primary synthesis study,Frontiers in Chemistry,2019,https://pmc.ncbi.nlm.nih.gov/articles/PMC6705220/,full text synthesis and characterization,Tier 1,verified_with_boundary,1,3-bis(4-pyridyl)benzene,"Supports scaffold accessibility only; endpoint matching water solubility and BPA binding remain unverified"
E037,PINA_WATER_SELF_ASSEMBLY,"N-(4-pyridyl)isonicotinamide is a reported nonpolymeric hydrogelator in water at a minimum gelator concentration of 0.37 weight percent","Nonpolymeric Hydrogelator Derived from N-(4-Pyridyl)isonicotinamide",primary synthesis and self-assembly study,Langmuir,2004,https://doi.org/10.1021/la049097j,abstract and supporting-information description,Tier 1,verified_with_boundary,N-(4-pyridyl)isonicotinamide,"Water compatibility is confounded by self-assembly; flexible amide scaffold is rejected as the primary BPA geometry probe"
E038,CONVERGENT_BISPYRIDYL_CAVITY,"1,2-Bis(2-pyridylethynyl)benzene is a preorganized trans-chelating ligand with inward-facing pyridine nitrogens modeled about 4.3 Angstrom apart and crystallographically shown to bind Ag(I) and Pd(II) in its cavity","1,2-Bis(2-pyridylethynyl)benzene a Novel Trans-Chelating Bipyridyl Ligand",primary synthesis and crystallographic study,Inorganic Chemistry,2001,https://doi.org/10.1021/ic010058u,abstract crystal structures and follow-up distance report,Tier 1,verified_with_boundary,1,2-bis(2-pyridylethynyl)benzene,"Proves a low-mass convergent topology; does not prove BPA fit aqueous binding or adsorbent performance"
E039,BPA_ASYMMETRIC_PRIMARY_ANCHOR,"ERRgamma mutagenesis identifies Glu275 and Arg316 interactions with the same BPA phenol hydroxyl as essential while a single-hydroxyl analog 4-alpha-cumylphenol still binds strongly","Receptor binding characteristics of bisphenol A for human ERRgamma; ERRgamma tethers strongly bisphenol A and 4-alpha-cumylphenol",primary mutagenesis and crystallographic studies,FEBS Journal and Biochemical and Biophysical Research Communications,2007-2008,https://doi.org/10.1111/j.1742-4658.2007.06152.x,article abstracts and reported binding interpretation,Tier 1,verified_with_boundary,BPA and 4-alpha-cumylphenol,"Supports asymmetric primary-anchor translation; does not prove a particular artificial receptor"
E040,MAPY_SYNTHESIS_POLYMERIZATION,"2-Methacrylamidopyridine was prepared from 2-aminopyridine and methacryloyl chloride and was free-radically polymerized with AIBN in acetonitrile","Characterization and thermal degradation of poly(2-methacrylamidopyridine)",primary synthesis and polymer characterization study,Polymer Degradation and Stability,2002,https://doi.org/10.1016/S0141-3910(02)00050-2,abstract and methods preview,Tier 1,verified_with_boundary,2-methacrylamidopyridine,"Supports exact monomer and polymerization entry only; no BPA adsorption or water binding was tested"
E041,MAPY_STYRENE_COPOLYMER,"MAPy was copolymerized with styrene over reported 6-40 mol percent feeds and its donor-acceptor self-association was used to form supramolecular polystyrene networks","Polystyrene supramolecular networks based on DA-AD hydrogen bonds",primary polymer synthesis and association study,Designed Monomers and Polymers,2015,https://doi.org/10.1080/15685551.2015.1041081,article abstract and experimental preview,Tier 1,verified_with_boundary,MAPy-styrene copolymers,"Supports copolymer compatibility but flags self-association that may block BPA recognition; not adsorption evidence"
E042,NPHENYL_METHACRYLAMIDE_CONTROL,"N-Phenylmethacrylamide has established radical polymerization behavior and retains the aromatic amide while replacing the pyridine nitrogen with CH","Radical polymerization of N-substituted methacrylamides",primary polymerization study,European Polymer Journal,1976,https://doi.org/10.1016/0014-3057(76)90051-3,article abstract,Tier 1,verified_with_boundary,N-phenylmethacrylamide,"Near-isomass pyridine-acceptor deletion control; aqueous BPA interaction remains untested"
E043,META_MAPY_CONTROL,"Linear and cross-linked polymers were prepared by free-radical polymerization of N-methacryloyl-3-aminopyridine before downstream quaternization","Anthracene labeled poly(pyridine methacrylamide) as a polymer-based chemosensor for detection of pyrophosphate",primary polymer synthesis study,Analytical Methods,2020,https://doi.org/10.1039/D0AY01540G,article abstract,Tier 1,verified_with_boundary,N-(pyridin-3-yl)methacrylamide,"Exact positional control with the same formula as P1; downstream quaternized sensing is irrelevant to BPA"
E044,NMETHYL_2PYRIDYL_ACRYLAMIDE_CONTROL,"N-Methyl-N-(2-pyridyl)acrylamide is an identified C9H10N2O compound with CAS 1156926-11-2 and no amide NH donor",commercial identity record,commercial structure record,Sigma-Aldrich BLD Pharmatech,current,https://www.sigmaaldrich.com/US/en/product/bldpharmatech/bl3h98cd5b9f,identity page,Tier 2,identity_only,N-methyl-N-(2-pyridyl)acrylamide,"Useful soluble donor-deletion control; no performance or matched polymer-reactivity claim"
E045,ACRYLAMIDOPYRIDINE_SELF_ASSOCIATION,"2-Acrylamidopyridine is a double-hydrogen-bonding self-associating motif with a reported association constant about 13.4 M-1 in chloroform","A review of shape memory polymers bearing reversible binding groups",review with primary-source routing,Journal of Polymer Science Part B,2016,https://doi.org/10.1002/polb.23994,review text,Tier 2,verified_with_boundary,2-acrylamidopyridine,"Shows self-association must be modeled; chloroform behavior cannot be transferred to water or to BPA binding"
E046,ACRYLAMIDOPYRIDINE_PHENOL_HYDROGEL,"A 2-acrylamidopyridine/HEMA hydrogel adsorbed phenol 2,6-dimethylphenol and 2,6-di-tert-butylphenol at about 35.1 30.1 and 17.2 mg/g respectively for the reported 50 percent AP composition","Removal of phenolic compounds using HEMA/acrylamidopyridine hydrogel prepared by gamma radiation",primary aqueous adsorption study,Separation and Purification Technology,2007,https://doi.org/10.1016/j.seppur.2007.04.013,article abstract and results preview,Tier 1,verified_with_boundary,phenol DMP DBP,"Directly supports aqueous phenol uptake but the decreasing capacity with steric bulk and absence of BPA analog tests do not support BPA selectivity"
E047,ACYLAMINOPYRIDINE_CARBOXYLIC_ACID_BOUNDARY,"2-Acetamidopyridine binds a carboxylic acid through the established amidopyridine motif in dichloromethane with reported Ka about 1440 M-1","Inversion of product selectivity in an enzyme-inspired metallosupramolecular tweezer catalyzed epoxidation reaction",primary ITC and supramolecular study,Chemical Science,2014,https://pmc.ncbi.nlm.nih.gov/articles/PMC3930335/,full text,Tier 1,verified_with_boundary,2-acetamidopyridine and carboxylic acid,"The two-oxygen carboxylic acid synthon is not evidence that a one-oxygen phenol forms the same two-point geometry in water"
E048,BETACD_BPA_AQUEOUS_BINDING,"In D2O beta-CD and BPA formed a 1:1 inclusion complex and nonlinear fits of internal H3 and H5 shifts gave Ka values of 4.10e3 and 3.62e3 M-1","Determination of binding constant of molecular complex between beta-cyclodextrin and bisphenol A by using 1H NMR spectroscopy",primary aqueous NMR study,Malaysian Journal of Analytical Sciences,2019,https://doi.org/10.17576/mjas-2019-2302-01,full text pages 182-188,Tier 1,verified_with_boundary,beta-CD and BPA in D2O,"Strong direct aqueous receptor evidence; does not establish selectivity over bisphenol analogs in secondary effluent"
E049,BETACD_BPA_STRUCTURE,"ROESY and crystallography support BPA inclusion in beta-CD; the solid complex is a head-to-head beta-CD dimer containing two BPA molecules","Inclusion complexes of bisphenol A with cyclomaltoheptaose beta-cyclodextrin: solubilization and structure",primary NMR and crystallographic study,Carbohydrate Research,2008,https://doi.org/10.1016/j.carres.2008.06.018,full text,Tier 1,verified_with_boundary,beta-CD BPA solution and solid complex,"The 2:2 solid complex remains one BPA per beta-CD and does not prove a unique aqueous pose for a fixed added rim site"
E050,BETACD_POLYMER_SITE_ACCOUNTING,"A porous polymer carrying 0.239 mmol beta-CD/g had a site-derived theoretical BPA capacity of 54.5 mg/g and a Langmuir maximum of 55.6 mg/g at 293 K","Preparation of regenerable polymeric adsorbents functionalized with beta-cyclodextrin moieties for selective recovery of bisphenol A",primary synthesis and adsorption study,Polymer Journal,2026,https://www.nature.com/articles/s41428-026-01196-z,full text and elemental-analysis site accounting,Tier 1,verified_with_boundary,porous styrene DVB GMA particles functionalized with beta-CD,"Supports total-material site accounting and regeneration precedent; the low beta-CD loading also demonstrates carrier mass penalty and is not proof of BPA selectivity in municipal effluent"
E051,BETACD_DFDPS_ENGINEERING_BASELINE,"A self-supporting beta-CD polymer crosslinked with 4,4-difluorodiphenylsulfone reached a maximal BPA capacity of 113 mg/g removed 90 percent of equilibrium uptake within about one minute and retained adsorption over five regeneration cycles","A crosslinked beta-cyclodextrin polymer used for rapid removal of a broad-spectrum of organic micropollutants from water",primary synthesis dynamic adsorption and regeneration study,Carbohydrate Polymers,2017,https://doi.org/10.1016/j.carbpol.2017.08.059,abstract and indexed highlights,Tier 1,verified_with_boundary,broad-spectrum beta-CD polymer,"Strong engineering positive control but broad-spectrum micropollutant removal is not BPA-specific selectivity and the route is established prior art"
E052,BETACD_AQUEOUS_DUAL_CROSSLINK_BASELINE,"A flexible-rigid double-crosslinked beta-CD polymer made in aqueous phase showed rapid uptake of BPA 3-phenylphenol and ethinyl estradiol and reported tolerance to pH ionic strength and humic acid with methanol regeneration","Simple synthesis of a swellable porous beta-cyclodextrin-based polymer in the aqueous phase for the rapid removal of organic micro-pollutants from water",primary synthesis adsorption and matrix study,Green Chemistry,2019,https://doi.org/10.1039/C9GC02422K,abstract and article landing page,Tier 1,verified_with_boundary,broad-spectrum T-E-CDP,"High-overlap practical-water benchmark from Nanjing University; not evidence of BPA-specific competitive selectivity or a new biomimetic mechanism"
E053,BETACD_BTCA_MASS_FRACTION,"Water-insoluble beta-CD polymers crosslinked by BTCA adsorbed BPA most strongly at low BTCA content corresponding to high beta-CD content per unit polymer mass","Polymerization of beta-cyclodextrin with 1,2,3,4-butanetetracarboxylic dianhydride: synthesis structural characterization and bisphenol A adsorption capacity",primary synthesis and adsorption study,Reactive and Functional Polymers,2013,https://doi.org/10.1016/j.reactfunctpolym.2013.04.006,abstract,Tier 1,verified_with_boundary,beta-CD BTCA polymer,"Supports the inactive-mass rule and high-site-fraction architecture; does not supply a novel selective mechanism"
E054,BETACD_DOUBLE_CROSSLINK_REAL_EFFLUENT,"An aqueous rigid-flexible double-crosslinked beta-CD polymer had BPA qmax 71.30 mg/g reached equilibrium within 30 minutes retained 94.7 percent saturated capacity after five cycles and was tested in plastic-factory wastewater","A double-crosslinked cyclodextrin-based porous polymer for effective removal of bisphenol A: preparation adsorption behavior and mechanism",primary synthesis adsorption regeneration and wastewater study,Journal of Environmental Chemical Engineering,2023,https://doi.org/10.1016/j.jece.2023.111570,abstract,Tier 1,verified_with_boundary,plastic-factory wastewater and BPA,"Practical engineering precedent further crowds BPA-2E novelty; industrial wastewater is not municipal secondary effluent and competitive bisphenol selectivity remains open"
E055,PFBS_CATIONIC_BETACD_DIRECT_PRIOR_ART,"A sevenfold primary-rim styrene-functionalized beta-CD monomer was copolymerized with a cationic methacrylate into permanently porous networks and tested across PFCA PFSA and salt matrices","A tunable porous beta-cyclodextrin polymer platform to understand and improve anionic PFAS removal",primary synthesis characterization and adsorption study,ACS Central Science,2022,https://doi.org/10.1021/acscentsci.2c00478,full text,Tier 1,verified,PFBS-1 proposed architecture,"This directly implements the core PFBS-1 architecture and makes formulation tuning crowded prior art rather than a new candidate"
E056,PFBS_SULFATE_FAILURE,"At 1 mg/L adsorbent and 1 ug/L each PFAS the cationic beta-CD polymer removed about 94 percent PFBS in nanopure water but only about 38 percent in 1 mM sodium sulfate while PFOS retained about 79 percent removal","A tunable porous beta-cyclodextrin polymer platform to understand and improve anionic PFAS removal",primary matrix-comparison study,ACS Central Science,2022,https://doi.org/10.1021/acscentsci.2c00478,full text Figure 2 and discussion,Tier 1,verified_with_boundary,low-concentration batch PFAS mixture after 48 hours,"Shows short-chain PFBS capture is strongly salt-limited and does not establish preferential PFBS capture over long-chain PFAS in secondary effluent"
E057,CATIONIC_BETACD_SHORT_PFAS_COMPLEXATION,"Positive amine functionality on the beta-CD perimeter increased short-chain PFAS complexation relative to neutral beta-CD by up to about 20-fold depending on the guest","Enhanced host-guest complexation of short chain perfluoroalkyl substances with positively charged beta-cyclodextrin derivatives",primary 19F NMR titration study,Journal of Inclusion Phenomena and Macrocyclic Chemistry,2019,https://doi.org/10.1007/s10847-019-00930-w,abstract and full-text record,Tier 1,verified_with_boundary,soluble charged beta-CD derivatives and short-chain PFAS,"Supports same-host electrostatic plus cavity design but does not prove PFBS-specific preference or salt-resistant polymer adsorption"
E058,GUANIDINIUM_INORGANIC_ANION_COMPETITION,"A guanidinium receptor at an aqueous interface bound common oxoanions in the order sulfate above dihydrogen phosphate above nitrate above nitrite with weak halide interactions","Molecular recognition and hydration energy mismatch combine to inform ion binding selectivity at aqueous interfaces",primary interfacial spectroscopy study,Journal of Physical Chemistry A,2021,https://doi.org/10.1021/acs.jpca.0c09568,abstract and article record,Tier 1,verified_with_boundary,guanidinium receptor at water-air interface,"Warns that PFBS headgroup receptors may preferentially bind sulfate and phosphate; interfacial ordering is not a soluble or bulk-polymer constant"
E059,GUANIDINIUM_SULFATE_RECEPTOR,"A rigid bis-2-pyridyl guanidinium receptor selectively bound sulfate in 10 percent water 90 percent methanol with stepwise log K values about 3.78 and 2.10","A simple guanidinium motif for the selective binding and extraction of sulfate",primary solution binding extraction and computation study,Separation Science and Technology,2018,https://doi.org/10.1080/01496395.2017.1318922,abstract,Tier 1,verified_with_boundary,sulfate in aqueous methanol and liquid-liquid extraction,"Directly demonstrates sulfate competition for rigid guanidinium geometry but not binding in pure water or to PFBS"
E060,GUANIDINOCALIX_LONG_PFAS,"Guanidinocalix5arene used multiple guanidinium groups and a hydrophobic macrocyclic region to bind PFOA and PFOS strongly in water","Guanidinocalix5arene for sensitive fluorescence detection and magnetic removal of perfluorinated pollutants",primary aqueous recognition and removal study,Nature Communications,2019,https://doi.org/10.1038/s41467-019-13775-1,full text,Tier 1,verified_with_boundary,PFOA and PFOS with high-mass amphiphilic macrocycle,"Supports dual-zone PFAS recognition in water but not a low-mass C4 PFBS slot; magnetic iron oxide implementation is outside the preferred mass-efficient route"
E061,SHORT_PFCA_SUPRAMOLECULAR_RECEPTOR_BOUNDARY,"A synthetic receptor recognized C2-C5 perfluoroalkyl carboxylates with micromolar affinity in acetonitrile and extracted them from buffered water into an organic phase in the presence of inorganic anions","Selective recognition and extraction of short-chain perfluoroalkyl carboxylates by a supramolecular receptor",primary crystallography solution binding and extraction study,Angewandte Chemie International Edition,2025,https://doi.org/10.1002/anie.202504880,full text abstract,Tier 1,verified_with_boundary,short-chain perfluorocarboxylates and liquid-liquid extraction,"Shows short-chain molecular recognition is possible but headgroup solvent and process do not transfer to PFBS aqueous adsorption"
E062,ROX_1JZZ_STRUCTURE,"PDB 1JZZ is a 3.80 A D. radiodurans 50S-roxithromycin direct structure; the visible part of the ROX etheroxime extension does not contact 23S rRNA or ribosomal protein while the ROX core does bind 23S rRNA","Structural basis for the interaction of antibiotics with the peptidyl transferase centre in eubacteria",primary crystallographic study,Nature,2001,https://doi.org/10.1038/35101544,full text and PDB 1JZZ,Tier 1,verified_with_boundary,low-resolution bacterial 50S-ROX complex,"Supports a shared macrolide binding pose but not a complete ROX-specific side-chain geometry"
E063,ROX_EARLY_MODEL_BOUNDARY,"Higher-quality erythromycin and azithromycin ribosome structures differed from early D. radiodurans models and attributed the discrepancy to density quality or interpretation rather than species specificity","Revisiting the structures of several antibiotics bound to the bacterial ribosome",primary crystallographic reanalysis,PNAS,2010,https://doi.org/10.1073/pnas.1008685107,full text,Tier 1,verified_with_boundary,erythromycin and azithromycin structures,"ROX was not remeasured; the study lowers confidence in atom-level use of 1JZZ but does not directly invalidate every ROX coordinate"
E064,ROX_MACROLIDE_SHARED_KINETICS,"In one E. coli ribosomal complex the overall dissociation constants were 36 nM for erythromycin 20 nM for roxithromycin and 8 nM for clarithromycin","Erythromycin Roxithromycin and Clarithromycin Use of Slow-Binding Kinetics to Compare Their In Vitro Interaction with a Bacterial Ribosomal Complex Active in Peptide Bond Formation",primary kinetic study,Molecular Pharmacology,2003,https://doi.org/10.1124/mol.63.3.617,abstract and kinetic results,Tier 1,verified_with_boundary,E. coli ribosomal complex,"The natural binding system does not show ROX preference over clarithromycin and the kinetics do not define a material slit"
E065,ROX_PAF6_NONPREFERENCE,"DFT models for PAF-6 and macrolides gave adsorption energies of -12.13 kcal/mol for ROX -16.21 for clarithromycin and -23.47 for azithromycin","Determination of Six Macrolide Antibiotics in Chicken Sample by Liquid Chromatography-Tandem Mass Spectrometry Based on Solid Phase Extraction of Porous Aromatic Framework",primary SPE and computational study,Journal of Analytical Methods in Chemistry,2019,https://doi.org/10.1155/2019/6849457,full text,Tier 1,verified_with_boundary,PAF-6 macrolide model and organic-solvent SPE,"The model predicts weaker ROX adsorption and does not provide a strict experimentally resolved pore-bound geometry"
E066,ROX_AQUEOUS_CHARGE_SIMILARITY,"Thermodynamic pKa values measured by capillary electrophoresis were 8.82 for ROX 8.83 for erythromycin 8.79 for clarithromycin and 8.96 for azithromycin","Determination of thermodynamic pKa values of pharmaceuticals from five different groups using capillary electrophoresis",primary physicochemical measurement,Journal of Separation Science,2015,https://doi.org/10.1002/jssc.201401057,reported thermodynamic pKa table,Tier 1,verified_with_boundary,aqueous ionization,"Acidic material sites will encounter four similarly protonated macrolides near neutral pH and cannot by charge alone provide ROX selectivity"
E067,ROX_CLASS_IMPRINT_BOUNDARY,"A roxithromycin dummy-template molecularly imprinted monolithic extraction column showed class-specific extraction of multiple macrolide antibiotics","Preparation and Application of Molecularly Imprinted Monolithic Extraction Column for the Selective Microextraction of Multiple Macrolide Antibiotics from Animal Muscles",primary material and extraction study,Polymers,2019,https://doi.org/10.3390/polym11071109,full text,Tier 1,verified_with_boundary,animal-tissue microextraction with organic elution,"Direct evidence that even ROX-derived imprinting may produce macrolide-class recognition rather than ROX single-analyte specificity"
E068,ROX_WWTP_CONCENTRATION,"Across five wastewater treatment plants the mean ROX effluent concentrations were 197 241 200 199 and 254 ng/L","Fate of Macrolide Antibiotics with Different Wastewater Treatment Technologies",primary occurrence study,Water Air and Soil Pollution,2021,https://doi.org/10.1007/s11270-021-05053-y,full data table,Tier 1,verified_with_boundary,five WWTP mean effluent concentrations,"The 197-254 ng/L range is across plant means not all individual samples and shows why mg/L adsorption tests cannot replace trace competitive validation"
E069,MACROLIDE_CAGE_SOLVENT_BOUNDARY,"A 4+2 imine cage directly included clarithromycin in CDCl3 and showed optical differentiation from selected macrolides in chloroform or chloroform-methanol","Nanoarchitectonics of a covalent organic supramolecular cage for fluorescent visual detection of macrolides",primary NMR and spectroscopy study,RSC Advances,2025,https://doi.org/10.1039/D4RA09077B,full text,Tier 1,verified_with_boundary,clarithromycin in organic media,"No ROX or erythromycin comparison and no pure-water binding; it cannot freeze a water-compatible ROX slit"
E070,ERRGAMMA_BPA_ASYMMETRY,"The ERRgamma-BPA structure contains polar contacts at both phenolic ends but structure-activity evidence shows one phenolic hydroxyl is sufficient for near-BPA activity","Direct evidence revealing structural elements essential for the high binding ability of bisphenol A to human estrogen-related receptor-gamma",primary structure activity study,Environmental Health Perspectives,2008,https://doi.org/10.1289/ehp.10587,abstract and bibliographic record,Tier 1,verified_with_boundary,BPA ERRgamma binding,"Supports a primary polar anchor plus hydrophobic environment; does not support two-ended anchoring as necessary"
E071,CALIX6_BISPHENOL_WATER,"Water-soluble sulfonated calix6arene binds BPA but free-host constants favor BPB over BPA and distinguish BPA from BPF only modestly","Complexation of bisphenol A with calix[6]arene-polymer conjugates",primary aqueous host guest study,Macromolecular Chemistry and Physics,2003,https://doi.org/10.1002/macp.200350008,follow-up ES&T 2005 Table 1 p5417,Tier 1,verified_with_boundary,calix6arene bisphenol recognition,"Not calix4; does not establish BPA-specific two-ended binding"
E072,IMMOBILIZED_CALIX6_BISPHENOLS,"An immobilized sulfonated calix6arene surface gave indirect competition constants for BPA BPF BPS and BPB in phosphate buffer with 10 percent methanol","Inclusion of Bisphenols by a Self-Assembled Monolayer of Thiolated Calix[6]arene on a Gold Surface",primary surface recognition study,Environmental Science and Technology,2005,https://doi.org/10.1021/es048204t,full text p5417 Figure 4 and Table 1,Tier 1,verified_with_boundary,surface bisphenol recognition,"Indirect surface assay and mixed solvent; no independent two-ended geometry proof"
E073,POLYCALIX4_BPA_WATER,"Porous CalP4 directly removed BPA from water with reported qmax 403 mg/g total material and rapid uptake and could be regenerated","Porous Polycalix[4]arenes for Fast and Efficient Removal of Organic Micropollutants from Water",primary adsorption study,ACS Applied Materials and Interfaces,2018,https://doi.org/10.1021/acsami.7b16546,article and supporting information,Tier 1,verified_with_boundary,polycalix4 BPA water adsorption,"Strong direct prior art; lacks BPA analog competition DOM secondary effluent and matched cavity deletion controls"
E074,CALIX4_BISPHENOL_MONOLITH,"Alkenyl calix4arene was copolymerized into a porous capillary monolith for preconcentration of multiple bisphenols","Preconcentration of bisphenols by using calix[4]arene derivatives modified porous polymer monolith coupled with HPLC",primary analytical extraction study,RSC Advances,2016,https://doi.org/10.1039/C6RA03352K,full text,Tier 1,verified_with_boundary,bisphenol class microextraction,"Supports polymerizable immobilization but not water-treatment capacity or BPA over BPF BPS selectivity"
E075,NONCALIX_BPA_CAPACITY,"A nonmacrocyclic hyper-cross-linked polymer reported BPA qmax 562 mg/g and 99.1 percent removal efficiency after the fifth cycle","A nitrogen-rich hyper-cross-linked polymer for bisphenol A adsorption",primary adsorption study,RSC Advances,2018,https://doi.org/10.1039/C8RA04792H,article record,Tier 2,verified_with_boundary,BPA adsorption benchmark,"High capacity and regeneration cannot establish calixarene necessity"
E076,BPA_SECONDARY_EFFLUENT_DOM,"Dissolved effluent organic matter showed measurable association with BPA and altered its apparent environmental behavior","Interaction of Bisphenol A with Dissolved Organic Matter from Municipal Wastewater Treatment Plant Effluents",primary matrix interaction study,Environmental Research and Information,2019,https://doi.org/10.17820/eri.2019.6.2.128,full text,Tier 2,verified_with_boundary,secondary-effluent dissolved organic matter,"Supports treating free BPA and DOM association as a mechanism variable; does not quantify competition for the proposed calixarene material"
E077,PFAS_PHOSPHOLIPID_NEUTRON,"Neutron reflectometry showed PFBS PFHxA PFHxS PFNA PFOS and FOSA incorporate into a phospholipid bilayer with interaction depending on chain length and headgroup; all but PFNA were removed by the reported gentle water rinse","Interactions of perfluoroalkyl substances with a phospholipid bilayer studied by neutron reflectometry",primary interfacial structure study,Journal of Colloid and Interface Science,2018,https://doi.org/10.1016/j.jcis.2017.09.102,PubMed abstract,Tier 1,verified_with_boundary,model DMPC phospholipid bilayer,"Supports actual membrane incorporation and chain/headgroup dependence; does not prove PFOA or PFNA selective adsorption or an engineered regeneration cycle"
E078,PFAS_MEMBRANE_BACTERIA_PARTITION,"PFAS partitioned into model phospholipid membranes and bacteria with incorporation increasing with fluorinated chain length and being greater for sulfonates than carboxylates","Partitioning and Accumulation of Perfluoroalkyl Substances in Model Lipid Bilayers and Bacteria",primary membrane and bacterial partition study,Environmental Science and Technology,2018,https://doi.org/10.1021/acs.est.8b02912,PubMed abstract,Tier 1,verified_with_boundary,model membranes and bacteria,"Supports a real biological accumulation reference but primarily a monotonic class trend rather than target-specific selection"
E079,PFOA_NANOMOLAR_MEMBRANE_EFFECT,"PFOA at submicromolar to reported 0.1 nM conditions altered DPPC bilayer transition enthalpy vesicle size distribution and secondary-solute partitioning","Nanomolar PFOA Concentrations Affect Lipid Membrane Structure: Consequences for Bioconcentration Mechanisms",primary model membrane study,Environmental Science and Technology,2025,https://doi.org/10.1021/acs.est.4c03652,PubMed abstract,Tier 1,verified_with_boundary,DPPC vesicles,"Supports low-concentration membrane interaction; does not define an artificial recognition unit or PFOA analog selectivity"
E080,ROX_BIOFILM_SORPTION,"At 1 ug/L tests significant sorption occurred for eight positively charged micropollutants including erythromycin clarithromycin and roxithromycin; equilibrium partition and effective diffusion varied with biofilm thickness","Diffusion and sorption of organic micropollutants in biofilms with varying thicknesses",primary biofilm diffusion and sorption study,Water Research,2017,https://doi.org/10.1016/j.watres.2017.06.027,PubMed abstract,Tier 1,verified_with_boundary,controlled-thickness MBBR biofilms,"Supports actual biofilm sorption and thickness-dependent transport but indicates cationic-class rather than ROX-specific recognition"
E081,ROX_AGS_EPS_ADSORPTION,"Aerobic granular sludge achieved high ROX removal in the tested low-CN reactor; batch tests attributed ROX removal partly to AGS adsorption and humic-acid-like EPS increased under the same condition","Enhancement of PPCPs removal by shaped microbial community of aerobic granular sludge under condition of low C/N ratio influent",primary biological wastewater study,Journal of Hazardous Materials,2020,https://doi.org/10.1016/j.jhazmat.2020.122583,PubMed abstract,Tier 1,verified_with_boundary,aerobic granular sludge ROX and SMZ,"Supports actual biological-material adsorption of ROX; co-variation of humic-like EPS is not proof of a unique causal site or ROX selectivity"
E082,PFBS_TOLERANT_BACTERIA_EPS,"Four PFBS-tolerant strains removed about 29 to 38 percent PFBS at 100 ug/L over four days and spectroscopy implicated protein and polysaccharide EPS binding sites","Composition and Morphological Characteristics of Extracellular Polymeric Substances of Different Tolerant Bacteria Under Perfluorobutanesulfonic Acid PFBS Stress",primary biosorption study,Toxics,2024,https://doi.org/10.3390/toxics12110797,PubMed abstract,Tier 1,verified_with_boundary,tolerant bacterial EPS under PFBS stress,"Supports actual EPS-associated PFBS biosorption but not secondary-effluent trace selectivity sulfate tolerance or a translatable site geometry"
E083,ROX_PHAGOCYTE_LYSOSOMAL_ACCUMULATION,"Radiolabeled ROX reached intracellular to extracellular concentration ratios of 14 to 190 in phagocytic cells and about half of recovered drug in macrophages was lysosome associated","Cellular uptake and subcellular distribution of roxithromycin and erythromycin in phagocytic cells",primary cellular uptake study,Journal of Antimicrobial Chemotherapy,1987,https://doi.org/10.1093/jac/20.suppl_b.47,PubMed abstract,Tier 1,verified_with_boundary,human and animal macrophages and neutrophils,"Direct ROX accumulation prototype; uptake was reversible and inhibited by acidic external pH but the study does not prove ROX specificity or isolate pure ion trapping"
E084,ROX_PULMONARY_CELL_ACCUMULATION,"After oral ROX administration human alveolar-cell concentrations were about twice plasma and ten times epithelial-lining-fluid concentrations","Pulmonary disposition of roxithromycin",primary human distribution study,Antimicrobial Agents and Chemotherapy,1987,https://doi.org/10.1128/AAC.31.9.1312,full text record,Tier 1,verified_with_boundary,human bronchoalveolar lavage after therapeutic dosing,"Supports in-vivo cellular enrichment but not a wastewater adsorption rate or selective material mechanism"
E085,ROX_ANIONIC_PHOSPHOLIPID_INTERACTION,"ROX directly interacted with phosphatidylinositol-containing liposomes and modeled orientation placed sugar regions in the hydrophobic domain with the macrocycle near the interface","Interactions of macrolide antibiotics with phospholipids computer-aided conformational analysis and studies on acellular and cell culture models",primary liposome and cell study,Toxicology and Applied Pharmacology,1999,https://doi.org/10.1006/taap.1999.8632,article abstract and model summary,Tier 1,verified_with_boundary,phosphatidylinositol liposomes and cultured cells,"Supports a nonprotein membrane-partition prototype but the reported order ERY no greater than ROX below erythromycylamine and AZI contradicts ROX specificity"
E086,ROX_LYSOTRAP_CLASS_BOUNDARY,"ROX ERY and CLA have closely similar principal basic pKa values so ideal acidic-compartment ion trapping largely cancels pKa differences while dibasic AZI may be favored","Quantitative Modeling of Selective Lysosomal Targeting for Drug Design",primary mechanistic modeling study,European Biophysics Journal,2009,https://pmc.ncbi.nlm.nih.gov/articles/PMC2711917/,full text equations and results,Tier 1,verified_with_boundary,general monovalent weak-base lysosomal model,"Mechanism support combined with E066; not a direct ROX material experiment and not proof of a specific AZI to ROX ratio"
E087,ROX_IMPRINTED_MEMBRANE_TRANSPORT,"A ROX-imprinted composite membrane in ethanol reported 2.24 umol/g binding and ROX selectivity factors of 1.75 versus erythromycin 2.46 versus azithromycin and 2.67 versus erythromycin ethylsuccinate with facilitated permeation proposed","Synthesis and Properties of Molecularly Imprinted Composite Membranes of Roxithromycin",primary membrane study,Advanced Materials Research,2009,https://doi.org/10.4028/www.scientific.net/AMR.87-88.80,abstract and metadata,Tier 1,screened_abstract,polysulfone-supported imprinted composite membrane in ethanol,"Direct selective-transport precedent; does not establish neutral-water secondary-effluent performance or coupling to an acidic receiving phase"
E088,ROX_MICROALGAE_REMOVAL_BOUNDARY,"In Chlorella pyrenoidosa cultivation ROX biosorption and bioaccumulation were minor while later biodegradation contributed more strongly","Interactive effects of roxithromycin and freshwater microalgae Toxicity and removal mechanism",primary microalgae study,Ecotoxicology and Environmental Safety,2020,https://doi.org/10.1016/j.ecoenv.2019.110156,article abstract,Tier 1,verified_with_boundary,0.1 to 2 mg/L ROX and 21-day algae cultivation,"Negative evidence against using algal cell-wall adsorption as a high-efficiency biomimetic prototype"
E089,ROX_MACAB_DIRECT_TRANSPORT,"Reconstituted MacAB-TolC experiments directly monitored ATP-dependent ROX transport into liposomes","Quantitative real-time analysis of the efflux by the MacAB-TolC tripartite efflux pump clarifies the role of ATP hydrolysis within mechanotransmission mechanism",primary reconstituted transporter study,Communications Biology,2021,https://doi.org/10.1038/s42003-021-01997-3,PubMed figures and methods summary,Tier 1,verified_with_boundary,reconstituted protein pump at micromolar ROX,"Confirms real active ROX transport but MacAB is macrolide-polyspecific protein machinery and is not a direct nonprotein adsorbent template"
E090,MACROLIDE_BIOFILM_CLASS_SORPTION,"At 1 ug/L controlled biofilms significantly sorbed ERY CLA and ROX; modeled equilibrium Kd values in 500 um biofilm were about 10.7 to 10.9 L/g","Diffusion and sorption of organic micropollutants in biofilms with varying thicknesses",primary biofilm sorption study,Water Research,2017,https://doi.org/10.1016/j.watres.2017.06.027,full text figures tables and model results,Tier 1,verified,"50 200 and 500 um nitrifying MBBR biofilms in controlled batch tests","CLA and ERY 500-to-50 um Kd ratios were about 26 to 32; ROX thin-film Kd was zero so a 30-fold ratio cannot be assigned"
E091,MACROLIDE_ANIONIC_LIPID_INTERFACE,"ERY ROX erythromycylamine and AZI directly interacted with phosphatidylinositol-containing liposomes with response ERY no greater than ROX below erythromycylamine no greater than AZI","Interactions of macrolide antibiotics with phospholipids computer-aided conformational analysis and studies on acellular and cell culture models",primary liposome and cell study,Toxicology and Applied Pharmacology,1999,https://doi.org/10.1006/taap.1999.8632,full abstract and mechanistic results,Tier 1,verified_with_boundary,anionic phospholipid interface not wastewater adsorbent,"Supports macrolide-class biological interface binding; does not include CLA or prove a synthetic solid treatment material"
E092,MACROLIDE_HUMIC_IONIC_STRENGTH,"CLA binding to Elliot soil humic acid peaked near pH 6.5 and fell about tenfold when ionic strength increased about one order of magnitude","Interactions of the macrolide antimicrobial clarithromycin with dissolved humic acid",primary aqueous binding study,Environmental Science and Technology,2008,https://doi.org/10.1021/es071467d,full text binding curves and discussion,Tier 1,verified_with_boundary,dissolved humic acid not a solid adsorbent,"Shows water chemistry strongly perturbs cation-exchange-like macrolide association; cannot prove Ca Mg or DOM will necessarily defeat a proposed solid"
E093,MAN_ST_DVB_POROUS_BEADS,"Maleic anhydride styrene and DVB were suspension-polymerized in glycerol to form about 0.35 to 1.0 mm porous beads and accessible anhydride was tested by alkaline hydrolysis","Porous maleic anhydride-styrene-divinylbenzene copolymer beads",primary polymer synthesis study,Journal of Applied Polymer Science,1987,https://doi.org/10.1002/app.1987.070340125,full text synthesis and characterization,Tier 1,verified_with_boundary,glycerol suspension with toluene and dioxane porogens,"Direct bead-manufacturing precedent but no wet strength macrolide adsorption secondary-effluent regeneration or column evidence; only about half of anhydride was accessible"
E094,SMA_SEQUENCE_BOUNDARY,"Linear styrene-maleic anhydride can form strictly alternating sequences but temperature feed ratio and polymerization method can introduce nonalternating sequences","Compositional and sequence analysis of styrene-maleic anhydride copolymers by DEPT 13C NMR",primary polymer sequence study,Polymer International,2002,https://doi.org/10.1002/pi.1039,DEPT 13C NMR sequence analysis,Tier 1,verified_with_boundary,linear copolymer not DVB-crosslinked porous bead,"Do not claim molecularly ordered or strictly alternating interfaces in MAC-BI1 without direct solid-state sequence and accessibility evidence"
E095,MACROLIDE_CLASS_IMPRINT,"A tylosin-templated MIP extracted ten macrolides and retained greater than 80 percent recovery for most analytes after 20 cycles","Molecularly imprinted solid-phase extraction for simultaneous determination of ten macrolide drugs in environmental water",primary MIP extraction study,Molecules,2018,https://doi.org/10.3390/molecules23051172,full text synthesis loading and reuse,Tier 1,verified_with_boundary,analytical MISPE with 5 percent acetonitrile loading and methanol-rich regeneration,"Proves class imprinting is chemically possible but not low-cost continuous secondary-effluent treatment"
E096,GAC_SECONDARY_EFFLUENT_ENGINEERING,"A GAC contactor directly after secondary clarification achieved about 80 percent average removal of pharmaceuticals and benzotriazoles at 20 min contact time and 2.0 to 2.5 g GAC per g DOC","Granular activated carbon filtration for advanced wastewater treatment",primary pilot treatment study,Science of the Total Environment,2024,https://doi.org/10.1016/j.scitotenv.2024.175918,full operating results,Tier 1,verified_with_boundary,multi-micropollutant mean not macrolide-specific,"Provides the engineering benchmark for bed operation and matrix competition; does not validate MAC-BI1 chemistry"
E097,ERY_MIP_TRACE_BOUNDARY,"An erythromycin MIP tested 5 to 100 ug/L ERY and reported imprinting factor 2.57 under interferent competition with greater than 80 percent capacity retained after five cycles","Molecularly imprinted polymer for erythromycin adsorption in water",primary adsorption study,Environmental Pollution,2023,https://doi.org/10.1016/j.envpol.2023.122425,full text synthesis and adsorption results,Tier 1,verified_with_boundary,methanol-acetonitrile synthesis and no secondary-effluent continuous bed,"Supports trace-range imprinting but not low-solvent class-selective scalable treatment or rejection of unrelated cationic drugs"
E098,MACROLIDE_MATURE_BIOFILM_CLASS_BOUNDARY,"Modeled equilibrium Kd values in inactivated 500 um wastewater biofilm were 10.90 10.68 and 10.80 L/g for CLA ERY and ROX versus 1.90 2.46 and 0.14 L/g for propranolol citalopram and venlafaxine","Diffusion and sorption of organic micropollutants in biofilms with varying thicknesses",primary biofilm sorption study,Water Research,2017,https://doi.org/10.1016/j.watres.2017.06.027,full text Table 2 and methods,Tier 1,verified_with_boundary,1 ug/L filtered secondary effluent and modeled equilibrium values,"Four-hour Kd values were lower; thin biofilms did not reproduce a stable class advantage and no EPS or lipid component was causally localized"
E099,ROX_PI_LIPOSOME_QUANTITATIVE_BOUNDARY,"At 120 uM ERY and ROX each showed about 18 percent association with phosphatidylinositol-containing liposomes while dibasic AZI and erythromycylamine showed stronger association; different assay endpoints did not give one invariant detailed order","Interactions of Macrolide Antibiotics Erythromycin A Roxithromycin Erythromycylamine and Azithromycin with Phospholipids",primary liposome and cell study,Toxicology and Applied Pharmacology,1999,https://doi.org/10.1006/taap.1999.8632,full text binding results,Tier 1,verified_with_boundary,anionic liposome model at micromolar concentration,"Directly supports ROX phospholipid interaction but not ROX atomic orientation or macrolide-class selectivity over unrelated cationic amphiphiles"
E100,MACROLIDE_SHALLOW_INTERFACE_TOPOLOGY,"ERY CLA and AZI shared an approximate membrane-mimetic topology with charged amine regions nearer the aqueous interface and part of the macrocycle entering the micelle","Probing the Interactions of Macrolide Antibiotics with Membrane-Mimetics by NMR Spectroscopy",primary NMR study,Journal of Medicinal Chemistry,2012,https://doi.org/10.1021/jm300647f,NMR diffusion and solvent-PRE results,Tier 1,verified_with_boundary,DPC and SDS micelles at millimolar drug concentration,"ROX was not included and the study did not compare matched unrelated cationic amphiphiles"
E101,PROPRANOLOL_ANIONIC_MEMBRANE_COUNTEREXAMPLE,"Propranolol partition coefficients in phosphatidylserine or phosphatidic-acid vesicles exceeded those in phosphatidylcholine vesicles by more than twentyfold and its fluorophore localized in the polar headgroup region","Interaction of Propranolol with Model Phospholipid Membranes Monolayer Spin Label and Fluorescence Spectroscopy Studies",primary membrane study,Biochimica et Biophysica Acta,1981,https://doi.org/10.1016/0005-2736(81)90083-3,abstract and experimental results,Tier 1,verified_with_boundary,model phospholipid membranes,"Strong negative control showing that anionic shallow-interface partition is not unique to macrolides"
E102,MM_MALEIC_ACID_DVB_BASIC_COMPOUND_PRIOR_ART,"A 0.4 to 0.8 mm polyDVB bead was functionalized by maleic-anhydride addition and alkaline hydrolysis to give 578 m2/g area 6.62 nm mean pores 2.54 g/g water regain and 3.58 mmol COOH/g for SPE of basic compounds in environmental samples","Development of a maleic acid-based material to selectively solid-phase extract basic compounds from environmental samples",primary materials study,Journal of Chromatography A,2021,https://doi.org/10.1016/j.chroma.2021.462165,full text synthesis characterization and applications,Tier 1,verified,"River water and wastewater influent or effluent analytical SPE","Directly defeats millimeter hydrophobic pore plus post-grafted carboxylate as a standalone novelty claim; spatial depth was not measured"
E103,BP_AA_MAA_PHOTOGRAFT_ROUTE_BOUNDARY,"Benzophenone initiated surface photografting of MAA in water and water-ethanol and AA in mixed solvent on polyethylene surfaces","Surface photografting initiated by benzophenone in water and mixed solvents containing water and ethanol",primary surface-modification study,Journal of Applied Polymer Science,2012,https://doi.org/10.1002/app.34683,article methods and results,Tier 1,verified_with_boundary,planar polyethylene substrate,"Supports a low-cost route candidate but not controlled internal functionalization of millimeter porous St-DVB beads"
E104,PAA_SURFACE_LAYER_CHARACTERIZATION_BOUNDARY,"Multiple surface analyses characterized PAA-grafted PMMA microparticles with shells up to about 4 nm and reactive carboxyl groups quantified mainly by derivatization XPS","Surface Analytical Study of Poly acrylic acid Grafted Microparticles Beads Characterization Chemical Derivatization and Quantification of Surface Carboxyl Groups",primary surface-analysis study,Journal of Physical Chemistry C,2014,https://doi.org/10.1021/jp505519g,full text surface analyses,Tier 1,verified_with_boundary,nonporous PMMA microparticles,"Supports surface-layer measurement concepts but not pore-wall nanoscale distribution or wet-state behavior in porous treatment beads"
E105,FRESH1000_A01__1,"约束本方案禁止氟亲和仿生主张；腔体贡献只能表述为疏水与体积匹配","血清白蛋白/FABP 对氟代脂肪酸类似物的结合：氟代物亲和力差异归因于疏水与体积效应而非定向 C-F","直接结合加机制归因（第4至5级）",,2021,https://doi.org/10.1002/pro.4036,"机制归因结论","直接结合加机制归因（第4至5级）","摘要级核验（设计者未读全文）","fresh_1000 PFOA A01",""
E106,FRESH1000_A01__1,"与 pro.4036 共同确立无生物氟特异识别的硬约束，禁止材料提出氟亲和仿生主张","JACS Au 2025：氟代物相对非氟类似物的蛋白亲和力差异归因于疏水与体积效应，非定向 C-F 作用","直接结合加机制归因（第4至5级）",,2025,https://doi.org/10.1021/jacsau.5c00504,"机制归因结论","直接结合加机制归因（第4至5级）","摘要级核验（设计者未读全文）","fresh_1000 PFOA A01",""
E107,FRESH1000_A01__1,"阴离子头基识别加疏水链容纳的双要素原则在另一蛋白体系成立的旁证","Chemosphere 2021：血清白蛋白直接结合 PFOA","直接结合（第4级）",,2021,https://doi.org/10.1016/j.chemosphere.2021.131979,"结合结论","直接结合（第4级）","摘要级核验（设计者未读全文）","fresh_1000 PFOA A01",""
E108,FRESH1000_A01__1,"归因约束反证：体内分布不能归因于单一 FABP 结合，本方案不主张体内生理对应，蛋白证据仅用于体外几何识别原则","Chem Res Toxicol 2025（Modaresi 等）：FABP 敲除不改变 PFOS 组织分布","体内归因反证（第2级）",,2025,https://doi.org/10.1021/acs.chemrestox.5c00199,"敲除实验结论","体内归因反证（第2级）","摘要级核验（设计者未读全文）","fresh_1000 PFOA A01",""
E109,FRESH1000_A01__1,"链长窗口的生物线索（仅作逆向设计参考，非窗口存在性证明；生物体系仅见单调趋势）","Arch Toxicol 2022：OAT4 排除短链 PFBS、重吸收 C8","直接转运（第4级）",,2022,https://doi.org/10.1007/s00204-022-03428-6,"转运体现象","直接转运（第4级）","摘要级核验（设计者未读全文）","fresh_1000 PFOA A01",""
E110,FRESH1000_A01__1,"最近先例与对照基准：氢键供体位点用于水相 PFAS 捕获；本方案须以胍基几何增量与之实质区分","Nat Commun 2022：脲位点多孔有机聚合物（POP）用于 PFAS 水相吸附","材料先例（吸附性能）",,2022,https://doi.org/10.1038/s41467-022-29816-1,"吸附性能与位点设计结论","材料先例（吸附性能）","摘要级核验（设计者未读全文）","fresh_1000 PFOA A01",""
E111,FRESH1000_A01__1,"β-环糊精聚合物平台先例（成熟，作对照）；证明 CD 腔对 PFOA 的捕获可行","JACS 2017：β-环糊精聚合物将 PFOA 由 1 µg/L 降至 10 ng/L 以下","材料先例（吸附性能）",,2017,https://doi.org/10.1021/jacs.7b02381,"批次/柱去除性能","材料先例（吸附性能）","摘要级核验（设计者未读全文）","fresh_1000 PFOA A01",""
E112,FRESH1000_A01__1,"床层/整体柱基准：为本方案 ng/L 穿透床体积 BV 目标提供可比先例","JACS 2025：β-环糊精整体柱（约 47 mg）连续处理 150 至 170 L","材料先例（床层性能）",,2025,https://doi.org/10.1021/jacs.5c09865,"连续柱处理量","材料先例（床层性能）","摘要级核验（设计者未读全文）","fresh_1000 PFOA A01",""
E113,FRESH1000_A01__1,"StyDex 型苯乙烯基 β-CD 聚合物载体先例，并为本方案多基质/分组分实验提供方法学对齐基准","Water Res 2024：StyDex/活性炭/阴离子交换树脂对 13 种 PFAA 在 16 种基质下的系统比较","材料先例加多基质方法（吸附性能）",,2024,https://doi.org/10.1016/j.watres.2024.121897,"多基质比较结论","材料先例加多基质方法（吸附性能）","摘要级核验（设计者未读全文）","fresh_1000 PFOA A01",""
E114,FRESH1000_A01__1,"DOM 干扰须分组分而非仅测总量（陷阱6）；本方案 DOM 实验按小于 3 kDa 与 HON 两组分分别竞争","ChemRxiv 2025（预印本）：NOM/DOM 干扰的组分层级，小于 3 kDa 低分子量 NOM 抑制短链 PFAS，HON 组分竞争长链 PFOA 位点","机制线索（基质竞争，预印本）",,2025,https://doi.org/10.26434/chemrxiv-2025-n7w1f,"分组分竞争结论","机制线索（基质竞争，预印本）","摘要级核验（预印本，设计者未读全文）","fresh_1000 PFOA A01",""
E115,FRESH1000_A01__1,"约束硫酸盐竞争预期：无机阴离子影响随材料体系与浓度而变，本方案仍须在 1 mM 硫酸盐下直接验证胍基材料的稳健性","Water Res 2024（Cheng 2025）：离子交换树脂 PFAS 选择性对树脂基质敏感；Cl、SO4、HCO3 在高于本底 3 meq/L 以内影响甚微，NO3 与 DOM 抑制明显","材料先例加机制（基质依赖）",,2024,https://doi.org/10.1016/j.watres.2024.122629,"竞争阴离子影响结论","材料先例加机制（基质依赖）","摘要级核验（设计者未读全文）","fresh_1000 PFOA A01",""
E116,FRESH1000_A01__1,"竞争物谱须含同系物并关注色谱置换；支撑本方案 PFHpA/PFOA/PFNA 腔长对照与床层穿透设计","J Hazard Mater 2023：PFAS 同系物链长竞争，长链置换短链导致短链早穿透","机制（同系物竞争）",,2023,https://doi.org/10.1016/j.jhazmat.2023.132378,"链长竞争与穿透结论","机制（同系物竞争）","摘要级核验（设计者未读全文）","fresh_1000 PFOA A01",""
E117,FRESH1000_A01__1,"硫酸盐竞争是已知材料陷阱（陷阱4）；为本方案 1 mM 硫酸盐失败判据（抑制超 50% 即终止）提供反例基准","Chemosphere 2021：Zn-Al 层状双氢氧化物受硫酸盐严重抑制（硫酸盐竞争反例）","反例（材料抑制）",,2021,https://doi.org/10.1016/j.chemosphere.2021.132297,"硫酸盐抑制数据","反例（材料抑制）","摘要级核验（设计者未读全文）","fresh_1000 PFOA A01",""
E118,FRESH1000_A01__1,"支撑本方案刻意采用非氟有机骨架（环糊精/苯乙烯/胍基）以规避含氟材料风险，并要求循环液氟质量平衡与有机氟溶出监测","Nat Commun 2025：含氟吸附材料自身引入 PFAS 与有机氟环境风险","风险/约束（评论或研究）",,2025,https://doi.org/10.1038/s41467-025-67596-6,"含氟材料风险结论","风险/约束（评论或研究）","摘要级核验（设计者未读全文）","fresh_1000 PFOA A01",""
E119,FRESH1000_A01__1,"支撑本方案不把破坏耦合入同一材料、仅做选择性捕获与温和再生，浓缩液破坏交独立工序","ACS ES&T Eng 2024：活性炭预吸附因遮光、电子清除与亚硫酸盐消耗降低 PFOA 破坏速率（捕获-破坏拮抗）","工程机制（拮抗证据）",,2024,https://doi.org/10.1021/acsestengg.4c00211,"预吸附降低破坏速率结论","工程机制（拮抗证据）","摘要级核验（设计者未读全文）","fresh_1000 PFOA A01",""
E120,FRESH1000_A01__1,"支撑腔体贡献锚定于疏水/体积匹配而非氟亲和；任何依赖空腔识别氟链的主张须面对此负面证据","ACS AMI：分子笼对含氟链无内禀选择性，亲脂性才是控制参数","负面证据（机制约束）",,2016,https://doi.org/10.1021/acsami.6c01610,"亲脂性主导结论","负面证据（机制约束）","摘要级核验（设计者未读全文）","fresh_1000 PFOA A01",""
E121,FRESH1000_A01__1,"说明羧酸头基是 PFCA 相对 PFSA 与无机阴离子的可区分化学特征，支撑以头基识别为选择轴（并提示捕获-破坏闭环的潜在化学把手，超出本方案范围）","Science 2022（Trang/Dichtel）：PFCA 羧酸头基在碱性条件下脱羧活化为破坏把手","机制（化学反应）",,2022,https://doi.org/10.1126/science.abm8868,"碱性脱羧机制结论","机制（化学反应）","摘要级核验（设计者未读全文）","fresh_1000 PFOA A01",""
E122,FRESH1000_A01__1,"目标阈值与床层穿透判据（穿透至 4.0 ng/L 的床体积 BV）的监管基准","US EPA PFAS 国家初级饮用水标准（NPDWR，89 FR 32532，文件号 2024-07773）：PFOA 与 PFOS 的 MCL 各为 4.0 ng/L","监管阈值（官方）",,2024,https://www.federalregister.gov/documents/2024/04/26/2024-07773/national-primary-drinking-water-regulation-for-perfluoroalkyl-and-polyfluoroalkyl-substances,"MCL 条款","监管阈值（官方）","官方接口核验（已知）","fresh_1000 PFOA A01",""
E123,FRESH1000_A01__2,"颗粒活性炭吸附器早期穿透预测，支撑超痕量传质与床层穿透对传质速率敏感的论证","Machine Learning Models to Predict Early Breakthrough of Recalcitrant Organic Micropollutants in Granular Activated Carbon Adsorbers","4",,2024,https://doi.org/10.1021/acs.est.4c01316,"摘要级","4","元数据核验（Crossref，ES&T 2024）","fresh_1000 PFOA A01",""
E124,FRESH1000_A01__2,"短链 PFAA 由前体生成而 PFOA 未观察到降解，固体崩解释放已吸附 PFAA，支撑生物单元净来源约束","Formation and partitioning behaviour of perfluoroalkyl acids (PFAAs) in waste activated sludge during anaerobic digestion","4",,2021,https://doi.org/10.1016/j.watres.2020.116583,"摘要级","4","元数据核验（Crossref，Water Research 2021）","fresh_1000 PFOA A01",""
E125,FRESH1000_A01__2,"经典肝富集证据属 PFOS、多数肝样 PFOA 低于定量限，支撑组织富集归因约束与蛋白路线排除","Human Donor Liver and Serum Concentrations of Perfluorooctanesulfonate and Other Perfluorochemicals","3",,2003,https://doi.org/10.1021/es020955c,"摘要级","3","元数据核验（Crossref，ES&T 2003）","fresh_1000 PFOA A01",""
E126,FRESH1000_A01__2,"美国 EPA PFOA 与 PFOS MCL 各 4.0 ng/L、MCLG 为零，为本方案穿透阈值与合规目标；苯乙烯 MCL 0.1 mg/L 为泄漏面板合规阈值","National Primary Drinking Water Regulations for Per- and Polyfluoroalkyl Substances (89 FR 32532, document 2024-07773)","1",,2024,https://www.federalregister.gov/documents/2024/04/26/2024-07773,"官方文件","1","已知（官方接口核验，承继简报）","fresh_1000 PFOA A01",""
E127,FRESH1000_A02_r4,"丝氨酸蛋白酶以预组织主链 NH 对在埋藏口袋内稳定四面体中间体氧负离子，氧阴离子洞概念基础（E1）","Serine Proteases: Structure and Mechanism of Catalysis (Kraut, Annu Rev Biochem 46(1):331-358)","Tier 1",,1977,"doi:10.1146/annurev.bi.46.070177.001555","综述机制章节","Tier 1","第 3 轮 Crossref 题录核验（标题、刊名、卷期页、年）","fresh_1000 PFOA A02 passed",""
E128,FRESH1000_A02_r4,"枯草杆菌蛋白酶 BPN' Asn155→Leu 使 kcat 降 200 至 300 倍、Km 不变；单个定向氢键对氧阴离子稳定贡献约 3.1 至 3.4 kcal/mol（E2）","Enzymatic substates and transition-state analogs (Bryan, Pantoliano, Quill, Hsiao, Poulos, PNAS 83(11):3743-3745)","Tier 1",,1986,"doi:10.1073/pnas.83.11.3743","摘要","Tier 1","题录核验（标题、作者、卷期页），摘要级","fresh_1000 PFOA A02 passed",""
E129,FRESH1000_A02_r4,"木瓜蛋白酶 Gln19→Ala 使 kcat/KM 降 60 倍（2.4 kcal/mol），Gln19→Ser 降 600 倍（3.8 kcal/mol）；量值针对过渡态，不迁移至底物态羧酸根（E3）","Papain Gln19 mutants (Menard, Carriere, Laflamme, Plouffe, Khouri, Vernet et al., Biochemistry 30(37):8924-8928)","Tier 1",,1991,"doi:10.1021/bi00101a002","摘要","Tier 1","题录核验（标题明确 transition-state stabilization），摘要级","fresh_1000 PFOA A02 passed",""
E130,FRESH1000_A02_r4,"酶催化的静电与氢键贡献源于预组织低介电环境，预组织免除溶剂与偶极重排代价（E4）","Electrostatic Basis for Enzyme Catalysis (Warshel et al., Chem Rev 106(8):3210-3235)","Tier 1",,2006,"doi:10.1021/cr0503106","综述主题","Tier 1","第 3 轮 Crossref 题录核验，按摘要级使用","fresh_1000 PFOA A02 passed",""
E131,FRESH1000_A02_r4,"单离子水合 Gibbs 自由能表来源：硫酸根约 −1080、乙酸根约 −365 kJ/mol，二价脱溶剂化罚能约为单价羧酸根 3 倍（E5）","Thermodynamics of solvation of ions. Part 5. Gibbs free energy of hydration at 298.15 K (Marcus, J Chem Soc Faraday Trans 87(18):2995-2999)","Tier 2",,1991,"doi:10.1039/ft9918702995","数据表","Tier 2","题录核验确认表源；表内具体数值为通行引用值，全文未读，待核验","fresh_1000 PFOA A02 passed",""
E132,FRESH1000_A02_r4,"水相阴离子识别受脱水罚能与水竞争支配，中性氢键受体须借疏水遮蔽腔体方能有效结合（E6）","Applications of Supramolecular Anion Recognition (Busschaert et al., Chem Rev 115(15):8038-8155)","Tier 1",,2015,"doi:10.1021/acs.chemrev.5b00099","综述主题","Tier 1","第 3 轮 Crossref 题录核验，按摘要级使用","fresh_1000 PFOA A02 passed",""
E133,FRESH1000_A02_r4,"PFOA pKa 约 0 或更低；pH 6 至 9 几乎完全解离为单价阴离子；pH 1.5 时仍约 97% 解离（低二价臂可行性依据）（E12）","The pKa Values of PFOA and Other Highly Fluorinated Carboxylic Acids (Goss, ES&T 42(2):456-458)","Tier 1",,2008,"doi:10.1021/es702192c","标题与摘要","Tier 1","题录核验（卷期 42(2):456-458，在线先行 2007）","fresh_1000 PFOA A02 passed",""
E134,FRESH1000_A02_r4,"PFOA MCL 为 4.0 ng/L，穿透判据设定依据（E13）","National Primary Drinking Water Regulation for PFAS (EPA NPDWR, 89 FR 32532)","官方",,2024,"https://www.federalregister.gov/documents/2024/04/26/2024-07773 (89 FR 32532)","官方文件","官方","Federal Register 官方接口核验","fresh_1000 PFOA A02 passed",""
E135,FRESH1000_A02_r4,"邻近先例：富氮三嗪与庚嗪 POP 除 PFOA，识别化学为富氮骨架氢键加静电，与本案中性预组织双脲隙缝不同（E14）","Triazine- and Heptazine-Based Porous Organic Polymer Networks for the Efficient Removal of Perfluorooctanoic Acid (ACS Appl Polym Mater 5(1):412-419)","Tier 1",,2023,"doi:10.1021/acsapm.2c01580","标题","Tier 1","题录核验（在线先行 2022，卷 5 期 1 对应 2023）","fresh_1000 PFOA A02 passed",""
E136,FRESH1000_A02_r4,"邻近先例：柱五芳烃纳通道膜对 PFOA 的特异去除，主体-客体识别加膜格式，与本案 POP 颗粒加氧阴离子洞几何不同（E15）","Pillar[5]arene nanochannel membrane for selective PFOA removal (ACS Nano 17(19):19305-19312)","Tier 1",,2023,"doi:10.1021/acsnano.3c06448","标题","Tier 1","题录核验","fresh_1000 PFOA A02 passed",""
E137,FRESH1000_A02_r4,"H_lit 负锚 1：8-氨基喹啉加 1,4-苯二异氰酸酯双足双脲受体选键硫酸氢根、按阴离子碱性序、阴离子固定于双臂隙缝；非水相，序列不可直接迁移至水相（E16）","A Quinoline Based bis-Urea Receptor for Anions: A Selective Receptor for Hydrogen Sulfate (Russ, Pramanik, Khansari, Wong, Hossain, Nat Prod Commun 7(3))","Tier 1",,2012,"doi:10.1177/1934578X1200700307","标题","Tier 1","题录核验（标题、作者）","fresh_1000 PFOA A02 passed",""
E138,FRESH1000_A02_r4,"中性(硫)脲杯芳烃阴离子结合仅在乙腈可测（标题证实介质）；支撑水相对裸无机阴离子结合常数常低于 10 至 50 M⁻¹ 的弱结合旁证（水相数值上限为推断）（E18，R3-8 定位解除）","Thermodynamics of Anion Binding by (Thio)ureido-calix[4]arene Derivatives in Acetonitrile (Cvetnić, Cindro, Bregović, Tomišić, ACS Physical Chemistry Au 4(6):773-786)","Tier 2",,2024,"doi:10.1021/acsphyschemau.4c00077","标题","Tier 2","本轮 Crossref 题录核验（标题、作者、刊名、卷期页、CC BY 4.0）；水相数值为旁证非该文直接测量","fresh_1000 PFOA A02 passed",""
E139,FRESH1000_A02_r4,"同平台最近邻先例（本轮全文直读）：PPN-6 官能团库 QA/NDMB(CHN 2.7 mmol/g)/FNDMB(CHN 1.9 mmol/g，含五氟丁基氟亲和尾)/NB(pKa 9.85)/FNB(pKa 8.16，废水降 33%)/BE/FBE；按相互作用类型分解加链长次级分组；约 1 mmol/L 单溶质 FNDMB 对 PFOA/PFOS 达 4.0 mmol/g（陷阱 6 高浓口径）、中性 BE 对 PFOA 约 1.0 mmol/g 短链低于 0.25 mmol/g；同尾长磺酸去除优于羧酸；全文无中性脲供体臂（E23，R3-1 六处更正依据）","Functionalized Porous Polymer Networks as High-Performance PFAS Adsorbents (Pezoulas, Tajdini, Ko, Uliana, Giovine, Furukawa et al., JACS 147(25):21832-21843)","Tier 1",,2025,"doi:10.1021/jacs.5c04689 (PMC12203610)","全文（官能团表、CHN 载荷表、Figure 2a 与 Table S9、pKa 讨论、废水竞争节）","Tier 1","本轮全文级核验（PMC12203610 开放获取直读，撤回第 3 轮 403 未读状态）","fresh_1000 PFOA A02 passed",""
E140,FRESH1000_A02_r4,"双脲硝基取代受体结构与阴离子本性对亲和力与稳定性的系统研究；阶段 −1 前必读，结合序与 H_lit 对撞（E24，R3-5）","Bis-urea anion receptors: influence of receptor structure and anion nature on binding affinity and stability (Hassan, Vinodh, Alipour, Al-Azazi, RSC Advances 15(33):26623-26631)","Tier 1",,2025,"doi:10.1039/d5ra04446d","题录加一行摘要","Tier 1","本轮 Crossref 题录核验（标题、作者、刊名、卷期页、CC BY-NC 3.0）；全文待读，结合序未悉","fresh_1000 PFOA A02 passed",""
E141,FRESH1000_A02_r4,"紫精阳离子 COF 的 PFAS 吸附机制研究（氢键受体位加阳离子加疏水区），属硫酸盐陷阱类阳离子先例，列为对照类（E25，R3-5；Crossref 出版年 2025，DOI 前缀 d4ta 为投稿年）","Mechanistic study of PFAS adsorption using a QPPTA linked viologen-modified covalent organic framework (Zarei, Khazdooz, Zadehnazari, Amirjalayer, Addicoat, Khosropour, Abbaspourrad, J Mater Chem A 13(11):8180-8192)","Tier 1",,2025,"doi:10.1039/d4ta06827k","题录加短摘要","Tier 1","本轮 Crossref 题录核验；全文待读","fresh_1000 PFOA A02 passed",""
E142,FRESH1000_A02_r4,"4,5-二氨基呫吨骨架直接合成文献（主骨架，R3-7 主备对调）；证明汇聚双脲呫吨骨架已存在于催化领域，识别单元新颖性限于阴离子结合与 POP 格式（E26）","Novel chiral hydrogen bond donor catalysts based on a 4,5-diaminoxanthene scaffold (Nemoto, Obuchi, Tamura, Fukuyama, Hamada, Tetrahedron Letters 52(9):987-991)","Tier 1",,2011,"doi:10.1016/j.tetlet.2010.12.067","题录","Tier 1","本轮 Crossref 题录核验（标题、作者、卷期页）","fresh_1000 PFOA A02 passed",""
E143,BPA_WWTP_OCCURRENCE,"A seven-day survey of seven Xiamen WWTPs measured dissolved and adsorbed bisphenols; median BPA was 1318 ng/L in influent and 177 ng/L in effluent","Fate and mass balance of bisphenol analogues in wastewater treatment plants in Xiamen City China","primary study","Environmental Pollution",2017,"https://doi.org/10.1016/j.envpol.2017.03.018","PubMed abstract PMID 28318793","Tier 1","verified","Seven Xiamen municipal WWTPs; median not universal design concentration","Supports BPA secondary-effluent admission and a 0.18 ug/L central scenario anchor"
E144,BPA_EFOM_COMPETITION,"In a municipal WWTP secondary effluent with background BPA about 0.45 ug/L dissolved organic matter reduced BPA solid-phase extraction and powdered-activated-carbon removal","Effects of dissolved organic matter on the efficiency of bisphenol A removal by adsorption and photocatalytic degradation","primary study","Chemosphere",2012,"https://doi.org/10.1016/j.chemosphere.2012.01.026","publisher abstract and article metadata","Tier 1","verified_with_boundary","One Shincheon municipal WWTP secondary effluent in Daegu Korea","DOM is a mechanistic competitor and analytical-recovery confounder"
E145,BPA_ERRG_GEOMETRY,"Direct binding assays found BPA KD 5.50 nM for ERRgamma and analogue testing showed that one phenolic hydroxyl is sufficient while central-carbon substituent size and electronics affect binding","Direct evidence revealing structural elements essential for the high binding ability of bisphenol A to human estrogen-related receptor-gamma","primary study","Environmental Health Perspectives",2008,"https://pmc.ncbi.nlm.nih.gov/articles/PMC2199305/","full text; saturation and analogue-binding sections","Tier 1","verified","Protein mechanism reference only; not evidence that an artificial polymer reproduces the pocket","Supports asymmetric single-anchor plus bridge-reading hypothesis; B-class unless paired with an actual natural sequestration process"
E146,BPA_LACCASE_NANOPORE,"Nanopore confinement altered laccase-mediated degradation of BPA analogues but describes catalysis rather than reversible adsorption","Nanopores promote laccase degradation of bisphenol A and its analogues","primary study","Science of the Total Environment",2023,"https://doi.org/10.1016/j.scitotenv.2023.166429","PubMed abstract PMID 37619739","Tier 1","verified_with_boundary","Catalytic transformation study; cannot directly support adsorption capacity or reversibility","Useful only for approach-corridor and phenoxyl-chemistry controls"
E147,PFAS_CHINA_148_WWTP,"Across 148 Chinese municipal WWTPs the mean removal of total measured PFAS was -5.45 percent and no conventional process showed effective scavenging","Distribution source and ecological risk of per- and polyfluoroalkyl substances in Chinese municipal wastewater treatment plants","primary study","Environment International",2022,"https://doi.org/10.1016/j.envint.2022.107447","abstract; 148-WWTP survey","Tier 1","verified","Fourteen measured PFAS and national Chinese WWTP sample; individual-panel distributions require supporting information","Supports the class-level engineering gap but not identical risk across panel members"
E148,PFBA_SHAANXI_EFFLUENT,"In 44 Shaanxi WWTPs PFBA was dominant in influent and effluent and reached 11.4 ng/L in effluent","Occurrence fate and risk assessment of per- and polyfluoroalkyl substances in wastewater treatment plants in Shaanxi China","primary study","Environmental Pollution",2022,"https://doi.org/10.1016/j.envpol.2022.120226","PubMed abstract PMID 36150624","Tier 1","verified","Shaanxi municipal WWTPs; maximum is not a central concentration","Directly supports PFBA panel admission"
E149,PFAS_PPN_PRIOR,"Functionalized PPN-6 materials tested PFBS PFPeA PFOA and PFOS at 250 nmol/L in wastewater; cationic ammonium PPNs narrowed the short-versus-long removal gap while wastewater competition remained measurable","Functionalized Porous Polymer Networks as High-Performance PFAS Adsorbents","primary study","Journal of the American Chemical Society",2025,"https://doi.org/10.1021/jacs.5c04689","full text PMC12203610; wastewater comparison","Tier 1","verified","PPN platform and tested PFAS set; does not cover the full PFBS PFBA PFHxA GenX panel together","Direct prior art against generic cationic plus hydrophobic porous polymers"
E150,PFBA_PIMS_AER_PRIOR,"A 1.00 plus or minus 0.05 mmol/g IEC microphase-separated quaternized bead showed initial PFBA sorption 2.3 times that of whole Amberlite IRA 900 and complete desorption with 1 to 1 methanol and 1 M NaCl","Anion exchange beads for PFAS capture using a polymerization-induced microphase separation approach","primary study","RSC Applied Polymers",2026,"https://doi.org/10.1039/D6LP00075D","open full text; abstract and sorption sections","Tier 1","verified","PFBA TFA and PFOA tests; ion-exchange resin identity excludes it as a main project contribution","Mandatory state-of-the-art ion-exchange benchmark and prior-art attack"
E151,PFAS_BETA_CD_PRIOR,"A tunable porous beta-cyclodextrin platform showed that charge and cyclodextrin binding jointly control short- and long-chain anionic PFAS removal and that salt challenges the mechanism","A Tunable Porous beta-Cyclodextrin Polymer Platform to Understand and Improve Anionic PFAS Removal","primary study","ACS Central Science",2022,"https://doi.org/10.1021/acscentsci.2c00478","open article abstract and salt-response sections","Tier 1","verified","Beta-CD PFAS polymer platform; exact performance depends on formulation and water matrix","Direct prior art against unmodified cationic beta-CD concepts"
E152,PFAS_TWO_MODE_SORPTION,"Infinite-dilution measurements separated hydrophobic and electrostatic contributions; weak-anion exchange affinity for PFBA was about 450-fold that of the tested HLB sorbent and the authors proposed sequential hydrophobic and electrostatic removal","Independent mode sorption of perfluoroalkyl acids by single and multiple adsorbents","primary study","Environmental Science Processes and Impacts",2021,"https://doi.org/10.1039/D1EM00322D","open article abstract","Tier 1","verified_with_boundary","Commercial analytical sorbents and unbranched PFAAs; not GenX or real secondary effluent","Supports orthogonal-mode accounting and warns that apparent synergy may be additive"
E153,PFAS_BSA_CAPTURE_PROTOTYPE,"Crosslinked bovine-serum-albumin-based adsorbents were tested against PFBS PFBA GenX and other PFAS and reached equilibrium within five minutes at 100 ug/L total test conditions","Rapid High-Capacity and Reusable Bovine Serum Albumin-Based Adsorbents for PFAS Removal","primary study","ACS Applied Materials and Interfaces",2025,"https://doi.org/10.1021/acsami.5c13467","publisher abstract and kinetics figure description","Tier 1","verified_with_boundary","Protein adsorbent is outside project material scope; concentration and matrix are not the secondary-effluent main test","May inform a nonprotein distributed-polar-pocket hypothesis but cannot be copied as material"
E154,PFAS_SWELLABLE_ORGANOSILICA_PRIOR,"Swellable organosilica containing cationic and fluorous functions captured a 12-PFAS C4-C10 suite; cationic imidazolium polymer in expandable pores gave the highest reported capacity in that study","Absorption of short-chain to long-chain perfluoroalkyl substances using swellable organically modified silica","primary study","Environmental Science Water Research and Technology",2019,"https://doi.org/10.1039/C9EW00364A","open full text abstract","Tier 1","verified_with_boundary","Contains fluorinated groups and ion-exchange functionality; DI water and 50 mM NaCl rather than secondary effluent","Direct prior against swellable mixed-mode pore claims and raises fluorinated-material lifecycle concerns"
E155,DCP_MIP_DIRECT_PRIOR,"A polyaniline silica surface-imprinted polymer reported selective adsorption of 2,6-DCP over related phenols and the non-imprinted polymer","Selective adsorption of 2,6-dichlorophenol by surface imprinted polymers using polyaniline silica gel composites","primary study","Chemical Engineering Journal",2011,"https://doi.org/10.1016/j.cej.2011.06.072","publisher abstract","Tier 1","verified_with_boundary","Aquatic laboratory study; environmental secondary-effluent relevance and trace-level performance not established","Direct prior art; carrier-swapped 2,6-DCP imprinting is control-only"
E156,DCP_POXR_STRUCTURE,"The PoxR phenol-sensing domain structure with 2,4-DCP shows aromatic edge-to-face packing and accommodation of chlorine substituents in a hydrophobic pocket","Structural basis of phenolic effector recognition by the bacterial transcriptional regulator PoxR","primary study","Structure",2016,"https://doi.org/10.1016/j.str.2016.02.010","publisher full-text metadata and abstract","Tier 1","verified_with_boundary","2,4-DCP complex and sensory protein; not 2,6-DCP adsorption or a material","B-class geometry source for positional-isomer tests"
E157,DCP_DMPR_PHENOL_STRUCTURE,"A phenol-bound structure of the DmpR ligand-binding domain resolved how a bacterial regulator recognizes phenolic effectors","Structural basis for effector recognition by the DmpR phenol-responsive transcriptional regulator","primary study","Nature Communications",2020,"https://doi.org/10.1038/s41467-020-16562-5","open full text PMC7264223","Tier 1","verified_with_boundary","Phenol-bound sensor; exact 2,6-DCP affinity and water-matrix translation remain unproven","Supports only a phenolic-pocket design constraint"
E158,DCP_HYDROXYLASE,"A purified chlorophenol 4-monooxygenase system was studied for degradation of mono- and dichlorophenols including 2,6-DCP","Characterization of a chlorophenol 4-monooxygenase system","primary study","Enzyme and Microbial Technology",2016,"https://doi.org/10.1016/j.enzmictec.2015.08.008","PubMed abstract PMID 26672451","Tier 1","verified_with_boundary","Catalytic transformation is not reversible capture and cannot establish adsorption selectivity","Can motivate an approach-channel hypothesis only if catalysis and irreversible oxidation are excluded"
E159,DCP_RALSTONIA_MINERALIZATION,"Ralstonia eutropha JMP134 mineralized 2,6-DCP as part of a broad chlorophenol substrate range","Mineralization of chlorophenols by Ralstonia eutropha JMP134","primary study","Applied and Environmental Microbiology",1999,"https://pmc.ncbi.nlm.nih.gov/articles/PMC106427/","open full text","Tier 1","verified_with_boundary","Whole-cell biodegradation; broad substrate use and no isolated adsorption interface","Biological handling exists but does not supply a selective adsorption hard correspondence"
E160,DCP_WWTP_DATA_GAP,"A German PMT-vPvM screening compilation lists no wastewater-treatment-plant-effluent occurrence entry for 2,6-DCP and reports surface-water maxima around 27 ng/L","PMT vPvM assessment of REACH registered substances detected in wastewater treatment plant effluent freshwater resources and drinking water","government report","German Environment Agency",2023,"https://openumwelt.de/server/api/core/bitstreams/adfcbef2-4f4d-4849-9195-c45ed294ad19/content","substance table CAS 87-65-0","Tier 2","verified","Screening compilation; absence of an entry is not proof of absence","Keeps municipal-secondary-effluent environmental admission unresolved"
E161,DCP_AUSTRALIA_LOQ_GAP,"An Australian wastewater report tabulated 2,6-DCP below a 10000 ng/L quantification limit in effluent; this LOQ is too high to establish trace occurrence or absence","Hazard characterisations of microplastics in wastewater","government technical report","NSW EPA and CSIRO",2020,"https://www.epa.nsw.gov.au/sites/default/files/csiro-report-hazard-characterisations-of-microplastics-in-wastewater.pdf","appendix table A.1","Tier 2","verified_with_boundary","Non-detection at a high LOQ; not usable as an occurrence concentration","Supports the evidence-gap disposition rather than admission"
E162,SC_PFAS_SSU_A_FUNCTION,"Xanthomonas citri SsuA is required for growth on alkanesulfonates as sulfur sources; crystal structures with MES MOPS and HEPES show sulfonate oxygens coordinated by main-chain NH groups and polar residues in a spacious partly hydrated pocket","Structural and Physiological Analyses of the Alkanesulphonate-Binding Protein SsuA of the Citrus Pathogen Xanthomonas citri","primary study","PLOS ONE",2013,"https://doi.org/10.1371/journal.pone.0080083","full text; ligand pocket and knockout-growth sections","Tier 1","verified","Natural alkanesulfonate nutrient uptake; not direct PFBS binding","A-class analogous natural function for sulfonate-head capture with a hydrated low-polarity pocket"
E163,SC_PFAS_BUG_PINCER,"Bug-family periplasmic solute-binding proteins use two conserved beta-strand beta-turn alpha-helix motifs to form carboxylate pincers through direct and conserved-water hydrogen bonds; domain 1 anchors and domain 2 discriminates productive binding","Structure-based mechanism of ligand binding for periplasmic solute-binding protein of the Bug family","primary study","Journal of Molecular Biology",2007,"https://doi.org/10.1016/j.jmb.2007.08.006","PubMed abstract PMID 17870093","Tier 1","verified","Natural carboxylate-solute transport; no PFBA PFHxA or GenX test","Supporting analogous natural function for carboxylate-head capture and second-stage pocket discrimination"
E164,SC_PFAS_TAUA_HYDRATION,"TauA crystal structures and ITC with taurine and alkanesulfonates show conserved headgroup coordination but large affinity differences; simulations attribute specificity partly to different hydration states and desolvation penalties","Desolvation of the substrate-binding protein TauA dictates ligand specificity for the alkanesulfonate ABC importer TauABC","primary study","Biochemical Journal",2019,"https://doi.org/10.1042/BCJ20190779","open full text PMCID PMC6906117; ITC and hydration sections","Tier 1","verified","TauA is taurine-preferring and does not establish PFAS affinity","Direct warning that matching sulfonate geometry alone is insufficient and confined-water state must be measured"
E165,SC_PFAS_UREA_PMO_MANUFACTURE,"Bis triethoxysilyl propyl urea can be co-condensed under CTAB-templated sol-gel conditions into urea-bridged mesoporous organosilica with 2.4 and 3.8 nm pores while retaining most Si-C bonds","Synthesis and characterization of urea bridged hybrid periodic mesoporous organosilica materials","primary study","Microporous and Mesoporous Materials",2008,"https://doi.org/10.1016/j.micromeso.2007.07.029","publisher abstract and synthesis preview","Tier 1","verified_with_boundary","Irregular particles and no PFAS adsorption test","Establishes the exact neutral urea-bridge material family and pore-size feasibility"
E166,SC_PFAS_SPATIAL_COCONDENSATION,"Sequential delayed co-condensation can place organosilane functions throughout channels in selected channel regions or only on external surfaces depending on addition time","Selective Functionalization of the Outer and Inner Surfaces in Mesoporous Silica Nanoparticles","primary study","Chemistry of Materials",2008,"https://doi.org/10.1021/cm801484r","publisher abstract","Tier 1","verified_with_boundary","Demonstrated on mesoporous silica nanoparticles; transfer to BTPU and phenylene PMO requires batch QC","Manufacturing basis for a pore-mouth-enriched neutral pincer rather than a composition-only blend"
E167,SC_PFAS_PMO_BEAD_SHAPING,"Alginate can act as a removable form-giving matrix for mechanically stable 2 mm silica and pure phenylene-bridged organosilica beads that retain mesoporosity after pseudomorphic transformation","Millimeter-sized micellar-templated silica beads and phenylene-bridged mesoporous organosilica beads","primary study","Microporous and Mesoporous Materials",2019,"https://doi.org/10.1016/j.micromeso.2019.04.028","publisher abstract","Tier 1","verified_with_boundary","Phenylene PMO only; BTPU gradient adaptation is untested","Supports recoverable fixed-bed form without permanent alginate binder mass"
E168,SC_PFAS_PFBA_PMO_PRIOR,"A 2023 PMO platform with tunable fluoroalkyl and amine functions enhanced PFBA uptake; electrostatic interactions dominated while higher fluoroalkyl loading strengthened non-electrostatic contribution and the material treated PFAS mixtures in natural water","Enhanced adsorption of short-chain perfluorobutanoic acid by functionalized periodic mesoporous organosilica Performance and mechanisms","primary study","Journal of Hazardous Materials",2023,"https://doi.org/10.1016/j.jhazmat.2023.131047","abstract PMID 36827723","Tier 1","verified","Fluorinated and amine-functionalized PMO; not neutral urea-phenylene spatial pincer","Closest PMO prior and mandatory benchmark; generic PMO or mixed-function claims are not novel"
E169,SC_PFAS_CAVITY_AGGREGATION,"A cationic palladium metal-organic cage encapsulated PFBA PFBS PFHxA and other PFAS as anionic aggregates; log association constants remained at least 5 and 1 wt percent cage in mesoporous silica removed more than 98 percent under flow at 100 to 1000 ng/L","Efficient Removal of Short-Chain Perfluoroalkyl Substances by Cavity-Directed Aggregation in a Molecular Cage Host","primary study","Angewandte Chemie International Edition",2026,"https://doi.org/10.1002/anie.202526027","open full text PMCID PMC12990957","Tier 1","verified","Highly cationic Pd cage and custom host are outside project material scope; GenX not shown in abstract","Strong direct prior for multiguest aggregation and trace flow performance; neutral nonmetal implementation must show a distinct causal gain"
E170,SC_PFAS_NEUTRAL_UREA_POP_PRIOR,"A neutral microporous urea-functionalized POP used dense urea hydrogen-bond donors and a hydrophobic framework to recognize sulfonate and carboxylate dyes in water; a methyl POP deletion control adsorbed less","A neutral porous organic polymer host for the recognition of anionic dyes in water","primary study","Chemical Science",2020,"https://doi.org/10.1039/D0SC02941F","open full text","Tier 1","verified","Micromolar anionic dyes rather than trace PFAS; four-step monomer synthesis and Sonogashira POP","Direct prior against claiming neutral urea plus hydrophobic pore itself as novel; spatial placement and PFAS-specific causality must carry the contribution"
E171,SC_PFAS_POLYAMIDE_PRIOR,"Polyamide microplastics adsorbed PFBA PFHxA and longer PFCAs through pore filling hydrophobic interactions and hydrogen bonding but capacities were low and DOM sharply reduced uptake","Adsorption of perfluoroalkyl substances on polyamide microplastics Effect of sorbent and influence of environmental factors","primary study","Environmental Research",2023,"https://doi.org/10.1016/j.envres.2022.114794","PubMed abstract PMID 36400220","Tier 1","verified_with_boundary","0.1 to 25 mg/L isotherms and environmental microplastic context; not a trace fixed-bed adsorbent","Terminates commodity polyamide as a high-quality main route while retaining it as a low-cost mechanism control"
E172,SC_PFAS_NYLON_FILTER_PRIOR,"Among eleven syringe-filter materials nylon showed high PFAS loss; adsorption remained chain-length dependent and was mainly controlled by hydrophobicity electrostatics surface area and water chemistry although hydrogen bonding also contributed","Insights on the Adsorption of Per- and Polyfluoroalkyl Substances onto Laboratory Syringe Membrane Filters Experimental Materials and Mechanism Evaluations","primary study","ACS ES&T Water",2026,"https://doi.org/10.1021/acsestwater.5c00438","PubMed abstract PMID 41988168","Tier 1","verified_with_boundary","Filter artifact study at elevated concentrations; panel included PFBS and GenX but not PFBA PFHxA","Additional evidence that nylon uptake is not class-selective enough for the lead design"
E173,SC_PFAS_CONFINED_WATER_AC_PRIOR,"Water encapsulated in activated-carbon pores increased adsorption capacities for PFHxA PFBS and PFBA by roughly 1.4 to 2.7 times relative to dry-reference activated carbon","Confined water-encapsulated activated carbon for enhanced adsorption of per- and polyfluoroalkyl substances","primary study","Nature Communications",2023,"https://pmc.ncbi.nlm.nih.gov/articles/PMC10318985/","open full text","Tier 1","verified_with_boundary","Activated-carbon platform and tested conditions; mechanism does not by itself establish class-over-EfOM selectivity","Direct prior against a generic confined-water novelty claim"
E174,SC_PFAS_DYNAMIC_ZEOLITE_PRIOR,"A zeolite dynamic-hydroxyl-cycle material combined confined water clusters and framework interactions to remove short and ultra-short PFAS without requiring structure-specific binding for chains below C6","Dynamic hydroxyl cycle of zeolite for short and ultra-short chain PFAS free potable water","primary study","Nature Communications",2026,"https://doi.org/10.1038/s41467-026-70507-y","open article abstract and mechanism description","Tier 1","verified_with_boundary","Zeolite potable-water study; exact panel and secondary-effluent performance require full-data comparison","Recent direct prior that crowds confined-water and framework-dual-binding claims"
E175,SC_PFAS_ANALYTICAL_METHOD,"EPA Method 1633A is a multi-laboratory-validated isotope-dilution LC-MS/MS method for 40 PFAS in aqueous matrices including wastewater and includes PFBA PFHxA PFBS and HFPO-DA","Method 1633A Analysis of Per- and Polyfluoroalkyl Substances PFAS in Aqueous Solid Biosolids and Tissue Samples by LC-MS/MS","official analytical method","US Environmental Protection Agency",2024,"https://www.epa.gov/system/files/documents/2024-12/method-1633a-december-5-2024-508-compliant.pdf","December 2024 method and analyte table","Tier 1","verified","Method implementation requires laboratory-specific MDL and full QC acceptance; not a material-performance source","Binding analytical backbone for the E1 batch and column package"
E176,DCP_SECONDARY_EFFLUENT_WA,"A Western Australian multi-plant monitoring program measured sixteen phenols and detected eleven in secondary treated wastewater; 2,6-DCP was among five analytes detected in more than 30 percent of samples and its median differed significantly between KWRP and Beenyup WWTP","Perth Groundwater Replenishment Trial PCRP Chapters 6-9","authoritative monitoring report","Government of Western Australia Department of Health",2014,"https://www.healthywa.wa.gov.au/~/media/Files/Corporate/general%20documents/water/Groundwater%20replenishment/PCRP%20Chapter6-9.pdf","PDF pp 109-110; secondary wastewater phenols section and Figures 7-7 to 7-9","Tier 1","verified","One authoritative regional program with multiple plants; exact numeric median is figure-based and this source alone does not satisfy the repository requirement for two independent sources","Upgrades the DCP scenario from unsupported to conditional but does not close ENV-STOP"
E177,DCP_EPS_BARRIER,"In long-term activated-sludge culture EPS acted as a protective barrier and transferred 2,6-DCP from the liquid phase to sludge; batch distribution left 73 plus or minus 2 percent dissolved and about 26 percent sorbed","Distribution variation of a metabolic uncoupler 2,6-dichlorophenol in long-term sludge culture and their effects on sludge reduction and biological inhibition","primary study","Water Research",2013,"https://doi.org/10.1016/j.watres.2012.10.008","abstract plus methods and distribution section","Tier 1","verified_with_boundary","Municipal sludge inoculum but synthetic wastewater and deliberately elevated 2,6-DCP; EPS attribution supports barrier organization rather than environmental concentration or positional selectivity","Primary functional prototype for DCP20-01"
E178,DCP_DHPB_STRUCTURE,"DHPB binds 2,6-DCP in a hydrophobic distal pocket and crystallography identifies binding positions different from those of 2,4-dihalophenols","Bridging the functional gap between reactivity and inhibition in dehaloperoxidase B from Amphitrite ornata Mechanistic and structural studies with 2,4- and 2,6-dihalophenols","primary study","Journal of Inorganic Biochemistry",2022,"https://doi.org/10.1016/j.jinorgbio.2022.111944","PDB 7M1I at 1.66 angstrom and article abstract","Tier 1","verified","Catalytic globin structure is B-class support and cannot alone satisfy the biomimetic owner gate","Direct target structural constraint for the DCP shallow cavity and positional-pose test"
E179,DCP_PCEA_STRUCTURE,"A tetrachloroethene reductive dehalogenase structure contains 2,6-DCP in a highly apolar active site with the hydroxyl substituent oriented toward the cobamide center while substrate conversion proceeds by long-range electron transfer","Cobamide-mediated enzymatic reductive dehalogenation via long-range electron transfer","primary study","Nature Communications",2017,"https://doi.org/10.1038/ncomms15858","PDB 5MA0 at 1.90 angstrom and article abstract","Tier 1","verified","Catalytic enzyme and not an adsorbent; used only as an independent pose constraint","Second direct target structure supporting one polar end and an apolar chlorine-accommodating cavity"
E180,DCP_TICK_SAR_NEGATIVE,"Tick olfactory sensilla are extraordinarily sensitive to 2,6-DCP but later structure-activity work found that 2,4-DCP can mimic it and that chlorine count rather than chlorine position dominates recognition","Structure activity studies of chlorophenol analogues as attractants for Rhipicephalus appendiculatus","primary study","International Journal of Acarology",2002,"https://doi.org/10.1080/01647950208684280","abstract-level structure activity conclusion","Tier 1","verified_with_boundary","Sensory response is not adsorption and does not support positional selectivity","Negative evidence terminating tick-receptor geometry as the DCP main prototype"
E181,DCP_MIP_SERS_PRIOR,"A 2,6-DCP molecularly imprinted SERS material used MAA and acrylamide dual functional monomers in an aqueous detection workflow","High-sensitive molecularly imprinted sensor with multilayer nanocomposite for 2,6-dichlorophenol detection based on surface-enhanced Raman scattering","primary study","Spectrochimica Acta Part A",2020,"https://doi.org/10.1016/j.saa.2019.117784","PubMed abstract PMID 31740121","Tier 1","verified_with_boundary","Analytical sensor with silica reduced graphene oxide gold and polydopamine rather than packed-bed secondary-effluent adsorbent","Direct prior against claiming dual-monomer 2,6-DCP imprinting as novel"
E182,BPA_EPS_BINDING,"BPA binds mainly to protein components of activated-sludge EPS by hydrophobic association and changes random-coil EPS into relatively condensed cores; neutral pH and higher ionic strength promoted binding","Insights into thermodynamic mechanisms driving bisphenol A binding to extracellular polymeric substances of activated sludge","primary study","Science of the Total Environment",2019,"https://doi.org/10.1016/j.scitotenv.2019.04.413","abstract and EPS extraction and formation sections","Tier 1","verified_with_boundary","Extracted EPS from one WWTP and no component-deletion causality; supports condensed-microdomain organization but not BPA-specific selectivity","Supporting process evidence for BPA spatial-domain designs and a warning against claiming specificity from hydrophobic condensation"
E183,BPA_ACTIVATED_SLUDGE_SORPTION,"Aerobic activated sludge shows rapid BPA sorption followed by biodegradation with reported Koc values around 621 to 736 L per kg","Sorption and degradation of bisphenol A by aerobic activated sludge","primary study","Journal of Hazardous Materials",2008,"https://doi.org/10.1016/j.jhazmat.2007.11.075","article abstract and sorption results","Tier 1","verified_with_boundary","Bulk partitioning is not a selective biological recognition mechanism","Process reality support and negative control against overstating EPS specificity"
E184,BPA_FLUORINATED_COF_PRIOR,"Tunable-fluorine COFs directly adsorbed BPA BPF and BPS and showed a nonmonotonic optimum in fluorination; reported mechanisms included pore filling pi stacking hydrogen bonds and hydrophobic interactions","Tailored covalent organic frameworks with tunable fluorine groups for efficient adsorption of bisphenol analogues","primary study","Journal of Hazardous Materials",2026,"https://doi.org/10.1016/j.jhazmat.2026.142433","publisher abstract and highlights","Tier 1","verified_with_boundary","Recent single-family bisphenol adsorption study and not evidence for BPA-selective reverse-logKow recognition in secondary effluent","Crowds generic fluorinated COF and gate-tuning claims and demotes BPA20-03 and BPA20-20"
E185,BPA_BETA_CD_2025_PRIOR,"A TFPN crosslinked beta-cyclodextrin polymer adsorbed BPA among ten aqueous contaminants through hydrophilic and hydrophobic forces and investigated pH salts regeneration and reuse","Adsorption behavior and mechanism of aqueous organic contaminants on beta-cyclodextrin polymer","primary study","Environmental Research",2025,"https://doi.org/10.1016/j.envres.2025.121435","PubMed abstract PMID 40118317","Tier 1","verified_with_boundary","Broad organic-contaminant adsorption and no demonstrated BPA over close bisphenol analogues","Recent direct prior confirming that bare beta-CD networks are engineering controls rather than BPA innovation"
E186,GENX_HSA_CRYSTAL,"A 2.20 angstrom HSA crystal structure contains two HFPO-DA molecules together with four myristates; solution work found lower affinity and stoichiometry than PFOA","Investigation of the Interaction between Human Serum Albumin and Branched Short-Chain Perfluoroalkyl Compounds","primary study","Chemical Research in Toxicology",2022,"https://doi.org/10.1021/acs.chemrestox.2c00211","PDB 7Z57 and article abstract","Tier 1","verified_with_boundary","Ternary myristate context and two sites do not prove one transferable carboxylate ether branch cooperative pocket","Direct occupancy fact and negative boundary for the terminated S3 mapping"
E187,GENX_MILAN_WWTP,"HFPO-DA in a Milan metropolitan WWTP outflow ranged from 2.5 to 72 ng/L with a reported mean of 35 plus or minus 31 ng/L; paired inflow was 59 to 79 ng/L","Impact of Wastewater Treatment Plant Discharge on Water Quality of a Heavily Urbanized River in Milan Metropolitan Area Traditional and Emerging Contaminant Analysis","primary study","Water",2025,"https://doi.org/10.3390/w17223276","Tables 1 and 2","Tier 1","verified_with_boundary","One metropolitan study and substantial variability; not a universal design concentration","Second independent municipal-secondary-effluent scenario source for HFPO-DA"
E188,GENX_ANION_EXCHANGE_PRIOR,"Commercial anion-exchange resins removed HFPO-DA and other perfluoroether acids from drinking and recycled waters; charge density controlled uptake and natural-water kinetics were pore-diffusion limited","Efficient removal of GenX HFPO-DA and other perfluorinated ether acids from drinking and recycled waters using anion exchange resins","primary study","Journal of Hazardous Materials",2020,"https://doi.org/10.1016/j.jhazmat.2019.121261","article abstract and highlights","Tier 1","verified","Conventional ion exchange and not a biomimetic or GenX-selective mechanism","Mandatory external benchmark and prior against permanent-charge novelty"
E189,GENX_QGEL_PRIOR,"Quaternary-ammonium silica gel was compared with GAC for HFPO-DA in batch column and molecular simulation experiments and reported higher equilibrium capacity than GAC","Comparative study on Perfluoro 2-methyl-3-oxahexanoic acid removal by quaternary ammonium functionalized silica gel and granular activated carbon from batch and column experiments and molecular simulation-based interpretation","primary study","Science of the Total Environment",2024,"https://doi.org/10.1016/j.scitotenv.2024.171753","publisher metadata and abstract","Tier 1","verified_with_boundary","Quaternary silica is a conventional electrostatic and hydrophobic platform; trace secondary-effluent selectivity was not the biomimetic claim","Direct GenX material benchmark for GX50-01"
E190,GENX_FLUOROPOLYMER_PRIOR,"A PFPE-modified polystyrenic ion-exchange sorbent captured eleven PFAS including HFPO-DA in salt and humic-acid backgrounds and in potable water and landfill leachate","Fluoropolymer sorbent for efficient and selective capturing of per- and polyfluorinated compounds","primary study","Nature Communications",2024,"https://doi.org/10.1038/s41467-024-52690-y","open full text","Tier 1","verified","Fluorinated ion-exchange polymer is outside the preferred lifecycle and originality boundary","Crowds combined fluorophilicity plus ion-exchange claims"
E191,GENX_FLUOROAMINE_HYDROGEL_PRIOR,"An amphipathic fluoroamine hydrogel removed a PFAS panel including GenX from real natural waters through combined fluorinated and cationic functions","Amphipathic fluoroamine-functionalized hydrogels for enhanced selective removal of anionic PFAS from water","primary study","Nature Communications",2025,"https://doi.org/10.1038/s41467-025-65031-4","open article and performance summary","Tier 1","verified_with_boundary","Fluorinated cationic hydrogel and natural-water tests; not a nonfluorinated neutral packed-bed GenX geometry mechanism","Recent direct prior and lifecycle exclusion control"
E192,GENX_MIP_SENSOR_PRIOR,"A molecularly imprinted polymer-modified microelectrode detected HFPO-DA in river water and included a nonimprinted control plus chloride humic acid and PFOS interferent tests","mu-MIP Molecularly Imprinted Polymer-Modified Microelectrodes for the Ultrasensitive Quantification of GenX HFPO-DA in River Water","primary study","Environmental Science and Technology Letters",2020,"https://doi.org/10.1021/acs.estlett.0c00341","article abstract and interference sections","Tier 1","verified_with_boundary","Electrode sensor with direct GenX template rather than recoverable trace adsorbent; template background is a critical risk","Direct prior against generic GenX imprinting novelty"
E193,DDT_POLAND_TREATED_SEWAGE,"In 144 treated-sewage samples from Szczecin p,p-prime DDT had a reported mean of 0.05 plus or minus 0.07 ng/L a range of 0.04 to 0.28 ng/L and 79 percent detection; the summed DDT DDE DDD mean was about 0.16 ng/L","The Effect of Water and Sewage Treatment on Reducing Residues of Selected Organochlorine Pesticides in Szczecin Poland","primary study","Water Air and Soil Pollution",2021,"https://doi.org/10.1007/s11270-021-05261-6","treated-sewage methods and results tables","Tier 1","verified_with_boundary","One city and whole unfiltered solvent-preserved samples; phase distribution is not resolved","Primary trace municipal-treated-effluent admission source for DDT family"
E194,DDT_HONG_KONG_WWTP,"Two Hong Kong sewage treatment works had crude-sewage total DDTs near 6 ng/L and differed in treatment process removal and solid-liquid distribution","Profiles and removal efficiency of organochlorine pesticides with emphasis on DDTs and HCHs by two different sewage treatment works","primary study","Environmental Technology and Innovation",2018,"https://doi.org/10.1016/j.eti.2017.12.004","article abstract plus HKSAR technical-report phase data","Tier 1","verified_with_boundary","Influent concentrations are clearer than final-effluent values in accessible metadata; treatment and phase evidence does not set a universal effluent concentration","Independent WWTP source and reason to split whole filtered and particulate fractions"
E195,DDT_MEMBRANE_PARTITION,"DDT partition in egg phosphatidylcholine was about 260000; 50 mol percent cholesterol reduced it to about 120000 and lipid-chain length and phase transitions caused large nonmonotonic partition changes","Partition of DDT in synthetic and native membranes","primary study","Biochimica et Biophysica Acta Biomembranes",1986,"https://doi.org/10.1016/0005-2736(86)90414-1","article abstract and partition series","Tier 1","verified","Membrane partition is biological accumulation not wastewater adsorption and is not DDT-specific against all hydrophobes","A-class functional prototype for chain-order and phase-dependent soft-domain partition"
E196,DDT_CHYLOMICRON_TRANSFER,"Radiolabeled DDT left circulating chylomicrons and entered tissues faster than cholesterol ester and with a different tissue distribution","Tissue uptake of DDT is independent of chylomicron metabolism","primary study","Archives of Toxicology",2006,"https://doi.org/10.1007/s00204-005-0028-2","PubMed abstract PMID 16180009","Tier 1","verified_with_boundary","Rat in-vivo transport and no molecular receptor; supports interfacial release rather than target-specific recognition","Supporting functional prototype for a shallow accessible soft phase instead of bulk lipid capacity"
E197,DDT_ACTIVATED_CARBON_PRIOR,"Virgin and regenerated activated carbon showed very strong sub-ng/L free-aqueous sorption of DDT DDE DDD and DDMU with log KAC values from 8.47 to 9.26","Sorption of dichlorodiphenyltrichloroethane DDT and its metabolites by activated carbon in clean water and sediment slurries","primary study","Water Research",2009,"https://doi.org/10.1016/j.watres.2009.06.031","PubMed abstract PMID 19595428","Tier 1","verified","Clean water and sediment-slurry remediation rather than secondary-effluent packed-bed polishing","Mandatory high-affinity benchmark; new materials need matrix or regeneration value rather than pure-water capacity claims"
E198,DDT_SOLGEL_IMPRINT_PRIOR,"Noncovalent DDT imprinting in a BTEB sol-gel failed; sacrificial-spacer covalent imprinting with EDA or EBP produced selective DDT sensing films with a 50 ppt detection limit","Development and characterization of molecularly imprinted sol-gel materials for the selective detection of DDT","primary study","Analytical Chemistry",2002,"https://doi.org/10.1021/ac0106142","PubMed abstract PMID 11811423","Tier 1","verified","Sensor film and covalent-imprint chemistry rather than packed-bed family removal; proves weak noncovalent DDT imprinting is risky","Direct prior and negative evidence governing LPO-SIP controls"
E199,DDT_DES_MIP_PRIOR,"A magnetic MIP used a caffeic-acid choline-chloride formic-acid ternary DES functional monomer and a thymol-menthol DES dummy to recognize DDT DDE and DDD in produce","A magnetic molecularly imprinted polymer based on an eco-friendly deep eutectic solvent for the selective recognition of dichlorodiphenyl trichloroethane and its degradation products in fruits and vegetables","primary study","Journal of Chromatography A",2023,"https://doi.org/10.1016/j.chroma.2023.464494","article abstract and materials description","Tier 1","verified_with_boundary","Analytical extraction from food with magnetic nanosorbent rather than secondary-effluent column treatment","Direct family-wide dummy-imprint prior against broad novelty claims"
E200,DDT_MISPE_PRIOR,"A DDT-family molecularly imprinted solid-phase extraction material was coupled to QuEChERS and reported trace DDT DDE DDD extraction from vegetables","Development and application of a new QuEChERS molecularly imprinted solid phase extraction technique for analysis of DDT and its derivatives in vegetables","primary study","Food Chemistry",2024,"https://doi.org/10.1016/j.foodchem.2023.137747","article abstract and adsorption result","Tier 1","verified_with_boundary","Analytical food extraction and not water-treatment adsorption","Additional direct prior against calling DDT-family MIP itself innovative"
E201,DDT_EPA_METHOD_1699,"EPA Method 1699 covers DDT DDE and DDD in aqueous solid biosolid and tissue matrices by HRGC-HRMS using isotope dilution and includes an endrin-DDT breakdown acceptance check","Method 1699 Pesticides in Water Soil Sediment Biosolids and Tissue by HRGC HRMS","official analytical method","US Environmental Protection Agency",2007,"https://www.epa.gov/sites/default/files/2015-10/documents/method_1699_2007.pdf","scope analyte table QA QC and section 6.9","Tier 1","verified","Laboratory-specific verification and sub-ng/L blanks remain required; the method is not material-performance evidence","Binding analytical backbone for DDT E1"
E202,DDT_GC_DEGRADATION_QC,"Large-volume natural-water GC-MS samples showed matrix-enhanced p,p-prime DDT inlet breakdown up to 65 percent; isotopically labeled DDT can monitor sample-specific breakdown","Matrix-enhanced degradation of p,p-prime DDT during gas chromatographic analysis A consideration","primary study","Environmental Science and Technology",1997,"https://doi.org/10.1021/es960671q","USGS abstract and paper","Tier 1","verified","Analytical artifact study rather than environmental occurrence or adsorption","Makes isotope-labeled surrogates and batch invalidation essential for DDT DDE DDD mass balance"
